WORLD_ZONE_EU_INTERNATIONAL_STANDARD_LETTER,0.001,0.010,1.17,20,
WORLD_ZONE_EU_INTERNATIONAL_STANDARD_LETTER,0.011,0.020,1.17,20,
WORLD_ZONE_EU_INTERNATIONAL_STANDARD_LETTER,0.021,0.100,1.57,20,
WORLD_ZONE_EU_INTERNATIONAL_STANDARD_LARGE_LETTER,0.001,0.100,2.55,20,
WORLD_ZONE_EU_INTERNATIONAL_STANDARD_LARGE_LETTER,0.101,0.250,3.80,20,
WORLD_ZONE_EU_INTERNATIONAL_STANDARD_LARGE_LETTER,0.251,0.500,5.15,20,
WORLD_ZONE_EU_INTERNATIONAL_STANDARD_LARGE_LETTER,0.501,0.750,6.60,20,
WORLD_ZONE_EU_INTERNATIONAL_STANDARD_SMALL_PARCEL,0.001,0.100,3.80,20,
WORLD_ZONE_EU_INTERNATIONAL_STANDARD_SMALL_PARCEL,0.101,0.250,4.10,20,
WORLD_ZONE_EU_INTERNATIONAL_STANDARD_SMALL_PARCEL,0.251,0.500,5.80,20,
WORLD_ZONE_EU_INTERNATIONAL_STANDARD_SMALL_PARCEL,0.501,0.750,7.20,20,
WORLD_ZONE_EU_INTERNATIONAL_STANDARD_SMALL_PARCEL,0.751,1.000,8.60,20,
WORLD_ZONE_EU_INTERNATIONAL_STANDARD_SMALL_PARCEL,1.001,1.250,9.85,20,
WORLD_ZONE_EU_INTERNATIONAL_STANDARD_SMALL_PARCEL,1.251,1.500,11.10,20,
WORLD_ZONE_EU_INTERNATIONAL_STANDARD_SMALL_PARCEL,1.501,1.750,12.30,20,
WORLD_ZONE_EU_INTERNATIONAL_STANDARD_SMALL_PARCEL,1.751,2.000,13.45,20,
WORLD_ZONE_EU_INTERNATIONAL_TRACKED_AND_SIGNED_LETTER,0.001,0.010,6.00,50,
WORLD_ZONE_EU_INTERNATIONAL_TRACKED_AND_SIGNED_LETTER,0.011,0.020,6.00,50,
WORLD_ZONE_EU_INTERNATIONAL_TRACKED_AND_SIGNED_LETTER,0.021,0.100,6.52,50,
WORLD_ZONE_EU_INTERNATIONAL_TRACKED_AND_SIGNED_LARGE_LETTER,0.001,0.100,07.75,50,
WORLD_ZONE_EU_INTERNATIONAL_TRACKED_AND_SIGNED_LARGE_LETTER,0.101,0.250,08.25,50,
WORLD_ZONE_EU_INTERNATIONAL_TRACKED_AND_SIGNED_LARGE_LETTER,0.251,0.500,09.35,50,
WORLD_ZONE_EU_INTERNATIONAL_TRACKED_AND_SIGNED_LARGE_LETTER,0.501,0.750,10.25,50,
WORLD_ZONE_EU_INTERNATIONAL_TRACKED_AND_SIGNED_SMALL_PARCEL,0.001,0.100,8.60,50,
WORLD_ZONE_EU_INTERNATIONAL_TRACKED_AND_SIGNED_SMALL_PARCEL,0.101,0.250,8.70,50,
WORLD_ZONE_EU_INTERNATIONAL_TRACKED_AND_SIGNED_SMALL_PARCEL,0.251,0.500,10.15,50,
WORLD_ZONE_EU_INTERNATIONAL_TRACKED_AND_SIGNED_SMALL_PARCEL,0.501,0.750,11.35,50,
WORLD_ZONE_EU_INTERNATIONAL_TRACKED_AND_SIGNED_SMALL_PARCEL,0.751,1.000,12.50,50,
WORLD_ZONE_EU_INTERNATIONAL_TRACKED_AND_SIGNED_SMALL_PARCEL,1.001,1.250,13.60,50,
WORLD_ZONE_EU_INTERNATIONAL_TRACKED_AND_SIGNED_SMALL_PARCEL,1.251,1.500,14.65,50,
WORLD_ZONE_EU_INTERNATIONAL_TRACKED_AND_SIGNED_SMALL_PARCEL,1.501,1.750,15.65,50,
WORLD_ZONE_EU_INTERNATIONAL_TRACKED_AND_SIGNED_SMALL_PARCEL,1.751,2.000,16.60,50,
WORLD_ZONE_EU_INTERNATIONAL_TRACKED_AND_SIGNED_LETTER_EXTRA_INSURANCE,0.001,0.010,8.50,250,
WORLD_ZONE_EU_INTERNATIONAL_TRACKED_AND_SIGNED_LETTER_EXTRA_INSURANCE,0.011,0.020,8.50,250,
WORLD_ZONE_EU_INTERNATIONAL_TRACKED_AND_SIGNED_LETTER_EXTRA_INSURANCE,0.021,0.100,9.02,250,
WORLD_ZONE_EU_INTERNATIONAL_TRACKED_AND_SIGNED_LARGE_LETTER_EXTRA_INSURANCE,0.001,0.100,10.60,250,
WORLD_ZONE_EU_INTERNATIONAL_TRACKED_AND_SIGNED_LARGE_LETTER_EXTRA_INSURANCE,0.101,0.250,11.10,250,
WORLD_ZONE_EU_INTERNATIONAL_TRACKED_AND_SIGNED_LARGE_LETTER_EXTRA_INSURANCE,0.251,0.500,12.55,250,
WORLD_ZONE_EU_INTERNATIONAL_TRACKED_AND_SIGNED_LARGE_LETTER_EXTRA_INSURANCE,0.501,0.750,13.50,250,
WORLD_ZONE_EU_INTERNATIONAL_TRACKED_AND_SIGNED_SMALL_PARCEL_EXTRA_INSURANCE,0.001,0.100,10.70,250,
WORLD_ZONE_EU_INTERNATIONAL_TRACKED_AND_SIGNED_SMALL_PARCEL_EXTRA_INSURANCE,0.101,0.250,11.20,250,
WORLD_ZONE_EU_INTERNATIONAL_TRACKED_AND_SIGNED_SMALL_PARCEL_EXTRA_INSURANCE,0.251,0.500,12.65,250,
WORLD_ZONE_EU_INTERNATIONAL_TRACKED_AND_SIGNED_SMALL_PARCEL_EXTRA_INSURANCE,0.501,0.750,13.60,250,
WORLD_ZONE_EU_INTERNATIONAL_TRACKED_AND_SIGNED_SMALL_PARCEL_EXTRA_INSURANCE,0.751,1.000,15.01,250,
WORLD_ZONE_EU_INTERNATIONAL_TRACKED_AND_SIGNED_SMALL_PARCEL_EXTRA_INSURANCE,1.001,1.250,16.36,250,
WORLD_ZONE_EU_INTERNATIONAL_TRACKED_AND_SIGNED_SMALL_PARCEL_EXTRA_INSURANCE,1.251,1.500,17.71,250,
WORLD_ZONE_EU_INTERNATIONAL_TRACKED_AND_SIGNED_SMALL_PARCEL_EXTRA_INSURANCE,1.501,1.750,18.31,250,
WORLD_ZONE_EU_INTERNATIONAL_TRACKED_AND_SIGNED_SMALL_PARCEL_EXTRA_INSURANCE,1.751,2.000,19.46,250,
WORLD_ZONE_EU_INTERNATIONAL_TRACKED_LETTER,0.001,0.010,7.20,50,
WORLD_ZONE_EU_INTERNATIONAL_TRACKED_LETTER,0.011,0.020,7.20,50,
WORLD_ZONE_EU_INTERNATIONAL_TRACKED_LETTER,0.021,0.100,7.82,50,
WORLD_ZONE_EU_INTERNATIONAL_TRACKED_LARGE_LETTER,0.001,0.100,9.30,50,
WORLD_ZONE_EU_INTERNATIONAL_TRACKED_LARGE_LETTER,0.101,0.250,9.90,50,
WORLD_ZONE_EU_INTERNATIONAL_TRACKED_LARGE_LETTER,0.251,0.500,11.22,50,
WORLD_ZONE_EU_INTERNATIONAL_TRACKED_LARGE_LETTER,0.501,0.750,12.30,50,
WORLD_ZONE_EU_INTERNATIONAL_TRACKED_SMALL_PARCEL,0.001,0.100,10.32,50,
WORLD_ZONE_EU_INTERNATIONAL_TRACKED_SMALL_PARCEL,0.101,0.250,10.44,50,
WORLD_ZONE_EU_INTERNATIONAL_TRACKED_SMALL_PARCEL,0.251,0.500,12.18,50,
WORLD_ZONE_EU_INTERNATIONAL_TRACKED_SMALL_PARCEL,0.501,0.750,13.62,50,
WORLD_ZONE_EU_INTERNATIONAL_TRACKED_SMALL_PARCEL,0.751,1.000,15.00,50,
WORLD_ZONE_EU_INTERNATIONAL_TRACKED_SMALL_PARCEL,1.001,1.250,16.32,50,
WORLD_ZONE_EU_INTERNATIONAL_TRACKED_SMALL_PARCEL,1.251,1.500,17.58,50,
WORLD_ZONE_EU_INTERNATIONAL_TRACKED_SMALL_PARCEL,1.501,1.750,18.78,50,
WORLD_ZONE_EU_INTERNATIONAL_TRACKED_SMALL_PARCEL,1.751,2.000,19.92,50,
WORLD_ZONE_EU_INTERNATIONAL_TRACKED_LETTER_EXTRA_INSURANCE,0.001,0.010,9.70,250,
WORLD_ZONE_EU_INTERNATIONAL_TRACKED_LETTER_EXTRA_INSURANCE,0.011,0.020,9.70,250,
WORLD_ZONE_EU_INTERNATIONAL_TRACKED_LETTER_EXTRA_INSURANCE,0.021,0.100,10.33,250,
WORLD_ZONE_EU_INTERNATIONAL_TRACKED_LARGE_LETTER_EXTRA_INSURANCE,0.001,0.100,11.22,250,
WORLD_ZONE_EU_INTERNATIONAL_TRACKED_LARGE_LETTER_EXTRA_INSURANCE,0.101,0.250,12.82,250,
WORLD_ZONE_EU_INTERNATIONAL_TRACKED_LARGE_LETTER_EXTRA_INSURANCE,0.251,0.500,14.56,250,
WORLD_ZONE_EU_INTERNATIONAL_TRACKED_LARGE_LETTER_EXTRA_INSURANCE,0.501,0.750,15.70,250,
WORLD_ZONE_EU_INTERNATIONAL_TRACKED_SMALL_PARCEL_EXTRA_INSURANCE,0.001,0.100,12.84,250,
WORLD_ZONE_EU_INTERNATIONAL_TRACKED_SMALL_PARCEL_EXTRA_INSURANCE,0.101,0.250,13.44,250,
WORLD_ZONE_EU_INTERNATIONAL_TRACKED_SMALL_PARCEL_EXTRA_INSURANCE,0.251,0.500,15.18,250,
WORLD_ZONE_EU_INTERNATIONAL_TRACKED_SMALL_PARCEL_EXTRA_INSURANCE,0.501,0.750,16.32,250,
WORLD_ZONE_EU_INTERNATIONAL_TRACKED_SMALL_PARCEL_EXTRA_INSURANCE,0.751,1.000,18.02,250,
WORLD_ZONE_EU_INTERNATIONAL_TRACKED_SMALL_PARCEL_EXTRA_INSURANCE,1.001,1.250,19.64,250,
WORLD_ZONE_EU_INTERNATIONAL_TRACKED_SMALL_PARCEL_EXTRA_INSURANCE,1.251,1.500,21.26,250,
WORLD_ZONE_EU_INTERNATIONAL_TRACKED_SMALL_PARCEL_EXTRA_INSURANCE,1.501,1.750,21.98,250,
WORLD_ZONE_EU_INTERNATIONAL_TRACKED_SMALL_PARCEL_EXTRA_INSURANCE,1.751,2.000,23.36,250,
WORLD_ZONE_EU_INTERNATIONAL_SIGNED_LETTER,0.001,0.010,6.00,50,
WORLD_ZONE_EU_INTERNATIONAL_SIGNED_LETTER,0.011,0.020,6.00,50,
WORLD_ZONE_EU_INTERNATIONAL_SIGNED_LETTER,0.020,0.100,6.52,50,
WORLD_ZONE_EU_INTERNATIONAL_SIGNED_LARGE_LETTER,0.001,0.100,7.75,50,
WORLD_ZONE_EU_INTERNATIONAL_SIGNED_LARGE_LETTER,0.101,0.250,8.25,50,
WORLD_ZONE_EU_INTERNATIONAL_SIGNED_LARGE_LETTER,0.251,0.500,9.35,50,
WORLD_ZONE_EU_INTERNATIONAL_SIGNED_LARGE_LETTER,0.501,0.750,10.25,50,
WORLD_ZONE_EU_INTERNATIONAL_SIGNED_SMALL_PARCEL,0.001,0.100,8.60,50,
WORLD_ZONE_EU_INTERNATIONAL_SIGNED_SMALL_PARCEL,0.101,0.250,8.70,50,
WORLD_ZONE_EU_INTERNATIONAL_SIGNED_SMALL_PARCEL,0.251,0.500,10.15,50,
WORLD_ZONE_EU_INTERNATIONAL_SIGNED_SMALL_PARCEL,0.501,0.750,11.35,50,
WORLD_ZONE_EU_INTERNATIONAL_SIGNED_SMALL_PARCEL,0.751,1.000,12.50,50,
WORLD_ZONE_EU_INTERNATIONAL_SIGNED_SMALL_PARCEL,1.001,1.250,13.60,50,
WORLD_ZONE_EU_INTERNATIONAL_SIGNED_SMALL_PARCEL,1.251,1.500,14.65,50,
WORLD_ZONE_EU_INTERNATIONAL_SIGNED_SMALL_PARCEL,1.501,1.750,15.65,50,
WORLD_ZONE_EU_INTERNATIONAL_SIGNED_SMALL_PARCEL,1.751,2.000,16.60,50,
WORLD_ZONE_EU_INTERNATIONAL_SIGNED_LETTER_EXTRA_INSURANCE,0.001,0.010,6.00,250,
WORLD_ZONE_EU_INTERNATIONAL_SIGNED_LETTER_EXTRA_INSURANCE,0.011,0.020,6.00,250,
WORLD_ZONE_EU_INTERNATIONAL_SIGNED_LETTER_EXTRA_INSURANCE,0.020,0.100,6.52,250,
WORLD_ZONE_EU_INTERNATIONAL_SIGNED_LARGE_LETTER_EXTRA_INSURANCE,0.001,0.100,10.60,250,
WORLD_ZONE_EU_INTERNATIONAL_SIGNED_LARGE_LETTER_EXTRA_INSURANCE,0.101,0.250,11.10,250,
WORLD_ZONE_EU_INTERNATIONAL_SIGNED_LARGE_LETTER_EXTRA_INSURANCE,0.251,0.500,12.55,250,
WORLD_ZONE_EU_INTERNATIONAL_SIGNED_LARGE_LETTER_EXTRA_INSURANCE,0.501,0.750,13.50,250,
WORLD_ZONE_EU_INTERNATIONAL_SIGNED_SMALL_PARCEL_EXTRA_INSURANCE,0.001,0.100,10.70,250,
WORLD_ZONE_EU_INTERNATIONAL_SIGNED_SMALL_PARCEL_EXTRA_INSURANCE,0.101,0.250,12.30,250,
WORLD_ZONE_EU_INTERNATIONAL_SIGNED_SMALL_PARCEL_EXTRA_INSURANCE,0.251,0.500,12.65,250,
WORLD_ZONE_EU_INTERNATIONAL_SIGNED_SMALL_PARCEL_EXTRA_INSURANCE,0.501,0.750,13.60,250,
WORLD_ZONE_EU_INTERNATIONAL_SIGNED_SMALL_PARCEL_EXTRA_INSURANCE,0.751,1.000,15.01,250,
WORLD_ZONE_EU_INTERNATIONAL_SIGNED_SMALL_PARCEL_EXTRA_INSURANCE,1.001,1.250,16.36,250,
WORLD_ZONE_EU_INTERNATIONAL_SIGNED_SMALL_PARCEL_EXTRA_INSURANCE,1.251,1.500,17.71,250,
WORLD_ZONE_EU_INTERNATIONAL_SIGNED_SMALL_PARCEL_EXTRA_INSURANCE,1.501,1.750,18.31,250,
WORLD_ZONE_EU_INTERNATIONAL_SIGNED_SMALL_PARCEL_EXTRA_INSURANCE,1.751,2.000,19.46,250,
WORLD_ZONE_ONE_INTERNATIONAL_STANDARD_LETTER,0.001,0.010,1.05,20,
WORLD_ZONE_ONE_INTERNATIONAL_STANDARD_LETTER,0.011,0.020,1.33,20,
WORLD_ZONE_ONE_INTERNATIONAL_STANDARD_LETTER,0.021,0.100,2.25,20,
WORLD_ZONE_ONE_INTERNATIONAL_STANDARD_LARGE_LETTER,0.001,0.100,3.15,20,
WORLD_ZONE_ONE_INTERNATIONAL_STANDARD_LARGE_LETTER,0.101,0.250,4.75,20,
WORLD_ZONE_ONE_INTERNATIONAL_STANDARD_LARGE_LETTER,0.251,0.500,7.45,20,
WORLD_ZONE_ONE_INTERNATIONAL_STANDARD_LARGE_LETTER,0.501,0.750,10.15,20,
WORLD_ZONE_ONE_INTERNATIONAL_STANDARD_SMALL_PARCEL,0.001,0.100,4.20,20,
WORLD_ZONE_ONE_INTERNATIONAL_STANDARD_SMALL_PARCEL,0.101,0.250,5.10,20,
WORLD_ZONE_ONE_INTERNATIONAL_STANDARD_SMALL_PARCEL,0.251,0.500,7.80,20,
WORLD_ZONE_ONE_INTERNATIONAL_STANDARD_SMALL_PARCEL,0.501,0.750,10.40,20,
WORLD_ZONE_ONE_INTERNATIONAL_STANDARD_SMALL_PARCEL,0.751,1.000,13.05,20,
WORLD_ZONE_ONE_INTERNATIONAL_STANDARD_SMALL_PARCEL,1.001,1.250,14.65,20,
WORLD_ZONE_ONE_INTERNATIONAL_STANDARD_SMALL_PARCEL,1.251,1.500,16.35,20,
WORLD_ZONE_ONE_INTERNATIONAL_STANDARD_SMALL_PARCEL,1.501,1.750,18.05,20,
WORLD_ZONE_ONE_INTERNATIONAL_STANDARD_SMALL_PARCEL,1.751,2.000,19.75,20
WORLD_ZONE_ONE_INTERNATIONAL_TRACKED_AND_SIGNED_LETTER,0.001,0.010,6.00,50,
WORLD_ZONE_ONE_INTERNATIONAL_TRACKED_AND_SIGNED_LETTER,0.011,0.020,6.33,50,
WORLD_ZONE_ONE_INTERNATIONAL_TRACKED_AND_SIGNED_LETTER,0.021,0.100,7.25,50,
WORLD_ZONE_ONE_INTERNATIONAL_TRACKED_AND_SIGNED_LARGE_LETTER,0.001,0.100,8.35,50,
WORLD_ZONE_ONE_INTERNATIONAL_TRACKED_AND_SIGNED_LARGE_LETTER,0.101,0.250,9.25,50,
WORLD_ZONE_ONE_INTERNATIONAL_TRACKED_AND_SIGNED_LARGE_LETTER,0.251,0.500,11.85,50,
WORLD_ZONE_ONE_INTERNATIONAL_TRACKED_AND_SIGNED_LARGE_LETTER,0.501,0.750,13.85,50,
WORLD_ZONE_ONE_INTERNATIONAL_TRACKED_AND_SIGNED_SMALL_PARCEL,0.001,0.100,8.80,50,
WORLD_ZONE_ONE_INTERNATIONAL_TRACKED_AND_SIGNED_SMALL_PARCEL,0.101,0.250,9.75,50,
WORLD_ZONE_ONE_INTERNATIONAL_TRACKED_AND_SIGNED_SMALL_PARCEL,0.251,0.500,12.45,50
WORLD_ZONE_ONE_INTERNATIONAL_TRACKED_AND_SIGNED_SMALL_PARCEL,0.501,0.750,14.55,50,
WORLD_ZONE_ONE_INTERNATIONAL_TRACKED_AND_SIGNED_SMALL_PARCEL,0.751,1.000,17.20,50,
WORLD_ZONE_ONE_INTERNATIONAL_TRACKED_AND_SIGNED_SMALL_PARCEL,1.001,1.250,18.55,50,
WORLD_ZONE_ONE_INTERNATIONAL_TRACKED_AND_SIGNED_SMALL_PARCEL,1.251,1.500,20.15,50,
WORLD_ZONE_ONE_INTERNATIONAL_TRACKED_AND_SIGNED_SMALL_PARCEL,1.501,1.750,21.15,50,
WORLD_ZONE_ONE_INTERNATIONAL_TRACKED_AND_SIGNED_SMALL_PARCEL,1.751,2.000,22.75,50,
WORLD_ZONE_ONE_INTERNATIONAL_TRACKED_AND_SIGNED_LETTER_EXTRA_INSURANCE,0.001,0.010,8.50,250,
WORLD_ZONE_ONE_INTERNATIONAL_TRACKED_AND_SIGNED_LETTER_EXTRA_INSURANCE,0.011,0.020,8.83,250,
WORLD_ZONE_ONE_INTERNATIONAL_TRACKED_AND_SIGNED_LETTER_EXTRA_INSURANCE,0.021,0.100,9.75,250,
WORLD_ZONE_ONE_INTERNATIONAL_TRACKED_AND_SIGNED_LARGE_LETTER_EXTRA_INSURANCE,0.001,0.100,11.20,250,
WORLD_ZONE_ONE_INTERNATIONAL_TRACKED_AND_SIGNED_LARGE_LETTER_EXTRA_INSURANCE,0.101,0.250,12.05,250,
WORLD_ZONE_ONE_INTERNATIONAL_TRACKED_AND_SIGNED_LARGE_LETTER_EXTRA_INSURANCE,0.251,0.500,14.85,250,
WORLD_ZONE_ONE_INTERNATIONAL_TRACKED_AND_SIGNED_LARGE_LETTER_EXTRA_INSURANCE,0.501,0.750,16.95,250,
WORLD_ZONE_ONE_INTERNATIONAL_TRACKED_AND_SIGNED_SMALL_PARCEL_EXTRA_INSURANCE,0.001,0.100,11.30,250,
WORLD_ZONE_ONE_INTERNATIONAL_TRACKED_AND_SIGNED_SMALL_PARCEL_EXTRA_INSURANCE,0.101,0.250,12.25,250,
WORLD_ZONE_ONE_INTERNATIONAL_TRACKED_AND_SIGNED_SMALL_PARCEL_EXTRA_INSURANCE,0.251,0.500,14.95,250,
WORLD_ZONE_ONE_INTERNATIONAL_TRACKED_AND_SIGNED_SMALL_PARCEL_EXTRA_INSURANCE,0.501,0.750,17.05,250,
WORLD_ZONE_ONE_INTERNATIONAL_TRACKED_AND_SIGNED_SMALL_PARCEL_EXTRA_INSURANCE,0.751,1.000,19.70,250,
WORLD_ZONE_ONE_INTERNATIONAL_TRACKED_AND_SIGNED_SMALL_PARCEL_EXTRA_INSURANCE,1.001,1.250,21.40,250,
WORLD_ZONE_ONE_INTERNATIONAL_TRACKED_AND_SIGNED_SMALL_PARCEL_EXTRA_INSURANCE,1.251,1.500,23.10,250,
WORLD_ZONE_ONE_INTERNATIONAL_TRACKED_AND_SIGNED_SMALL_PARCEL_EXTRA_INSURANCE,1.501,1.750,24.05,250,
WORLD_ZONE_ONE_INTERNATIONAL_TRACKED_AND_SIGNED_SMALL_PARCEL_EXTRA_INSURANCE,1.751,2.000,25.75,250,
WORLD_ZONE_ONE_INTERNATIONAL_TRACKED_LETTER,0.001,0.010,6.00,50,
WORLD_ZONE_ONE_INTERNATIONAL_TRACKED_LETTER,0.011,0.020,6.33,50,
WORLD_ZONE_ONE_INTERNATIONAL_TRACKED_LETTER,0.021,0.100,7.25,50,
WORLD_ZONE_ONE_INTERNATIONAL_TRACKED_LARGE_LETTER,0.001,0.100,8.35,50,
WORLD_ZONE_ONE_INTERNATIONAL_TRACKED_LARGE_LETTER,0.101,0.250,9.25,50,
WORLD_ZONE_ONE_INTERNATIONAL_TRACKED_LARGE_LETTER,0.251,0.500,11.85,50,
WORLD_ZONE_ONE_INTERNATIONAL_TRACKED_LARGE_LETTER,0.501,0.750,13.85,50,
WORLD_ZONE_ONE_INTERNATIONAL_TRACKED_SMALL_PARCEL,0.001,0.100,8.80,50,
WORLD_ZONE_ONE_INTERNATIONAL_TRACKED_SMALL_PARCEL,0.101,0.250,9.75,50,
WORLD_ZONE_ONE_INTERNATIONAL_TRACKED_SMALL_PARCEL,0.251,0.500,12.45,50,
WORLD_ZONE_ONE_INTERNATIONAL_TRACKED_SMALL_PARCEL,0.501,0.750,14.55,50,
WORLD_ZONE_ONE_INTERNATIONAL_TRACKED_SMALL_PARCEL,0.751,1.000,17.20,50,
WORLD_ZONE_ONE_INTERNATIONAL_TRACKED_SMALL_PARCEL,1.001,1.250,18.55,50,
WORLD_ZONE_ONE_INTERNATIONAL_TRACKED_SMALL_PARCEL,1.251,1.500,20.15,50,
WORLD_ZONE_ONE_INTERNATIONAL_TRACKED_SMALL_PARCEL,1.501,1.750,21.15,50,
WORLD_ZONE_ONE_INTERNATIONAL_TRACKED_SMALL_PARCEL,1.751,2.000,22.75,50,
WORLD_ZONE_ONE_INTERNATIONAL_TRACKED_LETTER_EXTRA_INSURANCE,0.001,0.010,8.50,250,
WORLD_ZONE_ONE_INTERNATIONAL_TRACKED_LETTER_EXTRA_INSURANCE,0.011,0.020,8.83,250,
WORLD_ZONE_ONE_INTERNATIONAL_TRACKED_LETTER_EXTRA_INSURANCE,0.021,0.100,9.75,250,
WORLD_ZONE_ONE_INTERNATIONAL_TRACKED_LARGE_LETTER_EXTRA_INSURANCE,0.001,0.100,11.40,250,
WORLD_ZONE_ONE_INTERNATIONAL_TRACKED_LARGE_LETTER_EXTRA_INSURANCE,0.101,0.250,12.45,250,
WORLD_ZONE_ONE_INTERNATIONAL_TRACKED_LARGE_LETTER_EXTRA_INSURANCE,0.251,0.500,15.30,250,
WORLD_ZONE_ONE_INTERNATIONAL_TRACKED_LARGE_LETTER_EXTRA_INSURANCE,0.501,0.750,17.80,250,
WORLD_ZONE_ONE_INTERNATIONAL_TRACKED_SMALL_PARCEL_EXTRA_INSURANCE,0.001,0.100,11.30,250,
WORLD_ZONE_ONE_INTERNATIONAL_TRACKED_SMALL_PARCEL_EXTRA_INSURANCE,0.101,0.250,12.25,250,
WORLD_ZONE_ONE_INTERNATIONAL_TRACKED_SMALL_PARCEL_EXTRA_INSURANCE,0.251,0.500,14.95,250,
WORLD_ZONE_ONE_INTERNATIONAL_TRACKED_SMALL_PARCEL_EXTRA_INSURANCE,0.501,0.750,17.05,250,
WORLD_ZONE_ONE_INTERNATIONAL_TRACKED_SMALL_PARCEL_EXTRA_INSURANCE,0.751,1.000,19.70,250,
WORLD_ZONE_ONE_INTERNATIONAL_TRACKED_SMALL_PARCEL_EXTRA_INSURANCE,1.001,1.250,21.40,250,
WORLD_ZONE_ONE_INTERNATIONAL_TRACKED_SMALL_PARCEL_EXTRA_INSURANCE,1.251,1.500,23.10,250,
WORLD_ZONE_ONE_INTERNATIONAL_TRACKED_SMALL_PARCEL_EXTRA_INSURANCE,1.501,1.750,24.05,250,
WORLD_ZONE_ONE_INTERNATIONAL_TRACKED_SMALL_PARCEL_EXTRA_INSURANCE,1.751,2.000,25.75,250,
WORLD_ZONE_ONE_INTERNATIONAL_SIGNED_LETTER,0.001,0.010,6.00,50,
WORLD_ZONE_ONE_INTERNATIONAL_SIGNED_LETTER,0.011,0.020,6.33,50,
WORLD_ZONE_ONE_INTERNATIONAL_SIGNED_LETTER,0.020,0.100,7.25,50,
WORLD_ZONE_ONE_INTERNATIONAL_SIGNED_LARGE_LETTER,0.001,0.100,8.35,50,
WORLD_ZONE_ONE_INTERNATIONAL_SIGNED_LARGE_LETTER,0.101,0.250,9.25,50,
WORLD_ZONE_ONE_INTERNATIONAL_SIGNED_LARGE_LETTER,0.251,0.500,11.85,50,
WORLD_ZONE_ONE_INTERNATIONAL_SIGNED_LARGE_LETTER,0.501,0.750,13.85,50,
WORLD_ZONE_ONE_INTERNATIONAL_SIGNED_SMALL_PARCEL,0.001,0.100,8.80,50,
WORLD_ZONE_ONE_INTERNATIONAL_SIGNED_SMALL_PARCEL,0.101,0.250,9.75,50,
WORLD_ZONE_ONE_INTERNATIONAL_SIGNED_SMALL_PARCEL,0.251,0.500,12.45,50,
WORLD_ZONE_ONE_INTERNATIONAL_SIGNED_SMALL_PARCEL,0.501,0.750,14.55,50,
WORLD_ZONE_ONE_INTERNATIONAL_SIGNED_SMALL_PARCEL,0.751,1.000,17.20,50,
WORLD_ZONE_ONE_INTERNATIONAL_SIGNED_SMALL_PARCEL,1.001,1.250,18.55,50,
WORLD_ZONE_ONE_INTERNATIONAL_SIGNED_SMALL_PARCEL,1.251,1.500,20.15,50,
WORLD_ZONE_ONE_INTERNATIONAL_SIGNED_SMALL_PARCEL,1.501,1.750,21.15,50,
WORLD_ZONE_ONE_INTERNATIONAL_SIGNED_SMALL_PARCEL,1.751,2.000,22.75,50,
WORLD_ZONE_ONE_INTERNATIONAL_SIGNED_LETTER_EXTRA_INSURANCE,0.001,0.010,8.50,250,
WORLD_ZONE_ONE_INTERNATIONAL_SIGNED_LETTER_EXTRA_INSURANCE,0.011,0.020,8.83,250,
WORLD_ZONE_ONE_INTERNATIONAL_SIGNED_LETTER_EXTRA_INSURANCE,0.020,0.100,9.75,250,
WORLD_ZONE_ONE_INTERNATIONAL_SIGNED_LARGE_LETTER_EXTRA_INSURANCE,0.001,0.100,11.30,250,
WORLD_ZONE_ONE_INTERNATIONAL_SIGNED_LARGE_LETTER_EXTRA_INSURANCE,0.101,0.250,12.05,250,
WORLD_ZONE_ONE_INTERNATIONAL_SIGNED_LARGE_LETTER_EXTRA_INSURANCE,0.251,0.500,14.85,250,
WORLD_ZONE_ONE_INTERNATIONAL_SIGNED_LARGE_LETTER_EXTRA_INSURANCE,0.501,0.750,16.95,250,
WORLD_ZONE_ONE_INTERNATIONAL_SIGNED_SMALL_PARCEL_EXTRA_INSURANCE,0.001,0.100,11.30,250,
WORLD_ZONE_ONE_INTERNATIONAL_SIGNED_SMALL_PARCEL_EXTRA_INSURANCE,0.101,0.250,12.25,250,
WORLD_ZONE_ONE_INTERNATIONAL_SIGNED_SMALL_PARCEL_EXTRA_INSURANCE,0.251,0.500,14.95,250,
WORLD_ZONE_ONE_INTERNATIONAL_SIGNED_SMALL_PARCEL_EXTRA_INSURANCE,0.501,0.750,17.05,250,
WORLD_ZONE_ONE_INTERNATIONAL_SIGNED_SMALL_PARCEL_EXTRA_INSURANCE,0.751,1.000,19.70,250,
WORLD_ZONE_ONE_INTERNATIONAL_SIGNED_SMALL_PARCEL_EXTRA_INSURANCE,1.001,1.250,21.40,250,
WORLD_ZONE_ONE_INTERNATIONAL_SIGNED_SMALL_PARCEL_EXTRA_INSURANCE,1.251,1.500,23.10,250,
WORLD_ZONE_ONE_INTERNATIONAL_SIGNED_SMALL_PARCEL_EXTRA_INSURANCE,1.501,1.750,24.04,250,
WORLD_ZONE_ONE_INTERNATIONAL_SIGNED_SMALL_PARCEL_EXTRA_INSURANCE,1.751,2.000,25.75,250,
WORLD_ZONE_ONE_INTERNATIONAL_ECONOMY_LETTER,0.001,0.010,1.02,20,
WORLD_ZONE_ONE_INTERNATIONAL_ECONOMY_LETTER,0.011,0.020,1.02,20,
WORLD_ZONE_ONE_INTERNATIONAL_ECONOMY_LETTER,0.021,0.100,1.47,20,
WORLD_ZONE_ONE_INTERNATIONAL_ECONOMY_LARGE_LETTER,0.001,0.100,2.50,20,
WORLD_ZONE_ONE_INTERNATIONAL_ECONOMY_LARGE_LETTER,0.101,0.250,3.75,20,
WORLD_ZONE_ONE_INTERNATIONAL_ECONOMY_LARGE_LETTER,0.251,0.500,5.10,20,
WORLD_ZONE_ONE_INTERNATIONAL_ECONOMY_LARGE_LETTER,0.501,0.750,6.55,20,
WORLD_ZONE_ONE_INTERNATIONAL_ECONOMY_SMALL_PARCEL,0.001,0.100,3.55,20,
WORLD_ZONE_ONE_INTERNATIONAL_ECONOMY_SMALL_PARCEL,0.101,0.250,3.85,20,
WORLD_ZONE_ONE_INTERNATIONAL_ECONOMY_SMALL_PARCEL,0.251,0.500,5.70,20,
WORLD_ZONE_ONE_INTERNATIONAL_ECONOMY_SMALL_PARCEL,0.501,0.750,7.10,20,
WORLD_ZONE_ONE_INTERNATIONAL_ECONOMY_SMALL_PARCEL,0.751,1.000,8.50,20,
WORLD_ZONE_ONE_INTERNATIONAL_ECONOMY_SMALL_PARCEL,1.001,1.250,9.75,20,
WORLD_ZONE_ONE_INTERNATIONAL_ECONOMY_SMALL_PARCEL,1.251,1.500,11.00,20,
WORLD_ZONE_ONE_INTERNATIONAL_ECONOMY_SMALL_PARCEL,1.501,1.750,12.20,20,
WORLD_ZONE_ONE_INTERNATIONAL_ECONOMY_SMALL_PARCEL,1.751,2.000,13.35,20,
WORLD_ZONE_TWO_INTERNATIONAL_STANDARD_LETTER,0.001,0.010,1.05,20,
WORLD_ZONE_TWO_INTERNATIONAL_STANDARD_LETTER,0.011,0.020,1.33,20,
WORLD_ZONE_TWO_INTERNATIONAL_STANDARD_LETTER,0.021,0.100,2.25,20,
WORLD_ZONE_TWO_INTERNATIONAL_STANDARD_LARGE_LETTER,0.001,0.100,3.30,20,
WORLD_ZONE_TWO_INTERNATIONAL_STANDARD_LARGE_LETTER,0.101,0.250,5.05,20,
WORLD_ZONE_TWO_INTERNATIONAL_STANDARD_LARGE_LETTER,0.251,0.500,7.90,20,
WORLD_ZONE_TWO_INTERNATIONAL_STANDARD_LARGE_LETTER,0.501,0.750,10.75,20
WORLD_ZONE_TWO_INTERNATIONAL_STANDARD_SMALL_PARCEL,0.001,0.100,4.55,20,
WORLD_ZONE_TWO_INTERNATIONAL_STANDARD_SMALL_PARCEL,0.101,0.250,5.55,20,
WORLD_ZONE_TWO_INTERNATIONAL_STANDARD_SMALL_PARCEL,0.251,0.500,8.55,20,
WORLD_ZONE_TWO_INTERNATIONAL_STANDARD_SMALL_PARCEL,0.501,0.750,11.25,20,
WORLD_ZONE_TWO_INTERNATIONAL_STANDARD_SMALL_PARCEL,0.751,1.000,14.00,20,
WORLD_ZONE_TWO_INTERNATIONAL_STANDARD_SMALL_PARCEL,1.001,1.250,15.80,20,
WORLD_ZONE_TWO_INTERNATIONAL_STANDARD_SMALL_PARCEL,1.251,1.500,17.70,20,
WORLD_ZONE_TWO_INTERNATIONAL_STANDARD_SMALL_PARCEL,1.501,1.750,19.60,20,
WORLD_ZONE_TWO_INTERNATIONAL_STANDARD_SMALL_PARCEL,1.751,2.000,21.50,20,
WORLD_ZONE_TWO_INTERNATIONAL_TRACKED_AND_SIGNED_LETTER,0.001,0.010,6.00,50,
WORLD_ZONE_TWO_INTERNATIONAL_TRACKED_AND_SIGNED_LETTER,0.011,0.020,6.33,50,
WORLD_ZONE_TWO_INTERNATIONAL_TRACKED_AND_SIGNED_LETTER,0.021,0.100,7.25,50,
WORLD_ZONE_TWO_INTERNATIONAL_TRACKED_AND_SIGNED_LARGE_LETTER,0.001,0.100,8.55,50,
WORLD_ZONE_TWO_INTERNATIONAL_TRACKED_AND_SIGNED_LARGE_LETTER,0.101,0.250,9.55,50,
WORLD_ZONE_TWO_INTERNATIONAL_TRACKED_AND_SIGNED_LARGE_LETTER,0.251,0.500,12.25,50,
WORLD_ZONE_TWO_INTERNATIONAL_TRACKED_AND_SIGNED_LARGE_LETTER,0.501,0.750,14.65,50,
WORLD_ZONE_TWO_INTERNATIONAL_TRACKED_AND_SIGNED_SMALL_PARCEL,0.001,0.100,9.00,50,
WORLD_ZONE_TWO_INTERNATIONAL_TRACKED_AND_SIGNED_SMALL_PARCEL,0.101,0.250,10.05,50,
WORLD_ZONE_TWO_INTERNATIONAL_TRACKED_AND_SIGNED_SMALL_PARCEL,0.251,0.500,12.90,50,
WORLD_ZONE_TWO_INTERNATIONAL_TRACKED_AND_SIGNED_SMALL_PARCEL,0.501,0.750,15.40,50,
WORLD_ZONE_TWO_INTERNATIONAL_TRACKED_AND_SIGNED_SMALL_PARCEL,0.751,1.000,18.15,50,
WORLD_ZONE_TWO_INTERNATIONAL_TRACKED_AND_SIGNED_SMALL_PARCEL,1.001,1.250,19.65,50,
WORLD_ZONE_TWO_INTERNATIONAL_TRACKED_AND_SIGNED_SMALL_PARCEL,1.251,1.500,21.55,50,
WORLD_ZONE_TWO_INTERNATIONAL_TRACKED_AND_SIGNED_SMALL_PARCEL,1.501,1.750,22.65,50,
WORLD_ZONE_TWO_INTERNATIONAL_TRACKED_AND_SIGNED_SMALL_PARCEL,1.751,2.000,24.45,50,
WORLD_ZONE_TWO_INTERNATIONAL_TRACKED_AND_SIGNED_LETTER_EXTRA_INSURANCE,0.001,0.010,8.50,250,
WORLD_ZONE_TWO_INTERNATIONAL_TRACKED_AND_SIGNED_LETTER_EXTRA_INSURANCE,0.011,0.020,8.83,250,
WORLD_ZONE_TWO_INTERNATIONAL_TRACKED_AND_SIGNED_LETTER_EXTRA_INSURANCE,0.021,0.100,9.75,250,
WORLD_ZONE_TWO_INTERNATIONAL_TRACKED_AND_SIGNED_LARGE_LETTER_EXTRA_INSURANCE,0.001,0.100,11.40,250,
WORLD_ZONE_TWO_INTERNATIONAL_TRACKED_AND_SIGNED_LARGE_LETTER_EXTRA_INSURANCE,0.101,0.250,12.45,250,
WORLD_ZONE_TWO_INTERNATIONAL_TRACKED_AND_SIGNED_LARGE_LETTER_EXTRA_INSURANCE,0.251,0.500,15.30,250,
WORLD_ZONE_TWO_INTERNATIONAL_TRACKED_AND_SIGNED_LARGE_LETTER_EXTRA_INSURANCE,0.501,0.750,17.80,250,
WORLD_ZONE_TWO_INTERNATIONAL_TRACKED_AND_SIGNED_SMALL_PARCEL_EXTRA_INSURANCE,0.001,0.100,11.50,250,
WORLD_ZONE_TWO_INTERNATIONAL_TRACKED_AND_SIGNED_SMALL_PARCEL_EXTRA_INSURANCE,0.101,0.250,12.55,250,
WORLD_ZONE_TWO_INTERNATIONAL_TRACKED_AND_SIGNED_SMALL_PARCEL_EXTRA_INSURANCE,0.251,0.500,15.40,250,
WORLD_ZONE_TWO_INTERNATIONAL_TRACKED_AND_SIGNED_SMALL_PARCEL_EXTRA_INSURANCE,0.501,0.750,17.90,250,
WORLD_ZONE_TWO_INTERNATIONAL_TRACKED_AND_SIGNED_SMALL_PARCEL_EXTRA_INSURANCE,0.751,1.000,20.65,250,
WORLD_ZONE_TWO_INTERNATIONAL_TRACKED_AND_SIGNED_SMALL_PARCEL_EXTRA_INSURANCE,1.001,1.250,22.55,250,
WORLD_ZONE_TWO_INTERNATIONAL_TRACKED_AND_SIGNED_SMALL_PARCEL_EXTRA_INSURANCE,1.251,1.500,24.45,250,
WORLD_ZONE_TWO_INTERNATIONAL_TRACKED_AND_SIGNED_SMALL_PARCEL_EXTRA_INSURANCE,1.501,1.750,25.60,250,
WORLD_ZONE_TWO_INTERNATIONAL_TRACKED_AND_SIGNED_SMALL_PARCEL_EXTRA_INSURANCE,1.751,2.000,27.50,250,
WORLD_ZONE_TWO_INTERNATIONAL_TRACKED_LETTER,0.001,0.010,6.00,50,
WORLD_ZONE_TWO_INTERNATIONAL_TRACKED_LETTER,0.011,0.020,6.33,50,
WORLD_ZONE_TWO_INTERNATIONAL_TRACKED_LETTER,0.021,0.100,7.25,50,
WORLD_ZONE_TWO_INTERNATIONAL_TRACKED_LARGE_LETTER,0.001,0.100,8.55,50,
WORLD_ZONE_TWO_INTERNATIONAL_TRACKED_LARGE_LETTER,0.101,0.250,9.55,50,
WORLD_ZONE_TWO_INTERNATIONAL_TRACKED_LARGE_LETTER,0.251,0.500,12.25,50,
WORLD_ZONE_TWO_INTERNATIONAL_TRACKED_LARGE_LETTER,0.501,0.750,14.65,50,
WORLD_ZONE_TWO_INTERNATIONAL_TRACKED_SMALL_PARCEL,0.001,0.100,9.00,50,
WORLD_ZONE_TWO_INTERNATIONAL_TRACKED_SMALL_PARCEL,0.101,0.250,10.05,50,
WORLD_ZONE_TWO_INTERNATIONAL_TRACKED_SMALL_PARCEL,0.251,0.500,12.90,50,
WORLD_ZONE_TWO_INTERNATIONAL_TRACKED_SMALL_PARCEL,0.501,0.750,15.40,50,
WORLD_ZONE_TWO_INTERNATIONAL_TRACKED_SMALL_PARCEL,0.751,1.000,18.15,50,
WORLD_ZONE_TWO_INTERNATIONAL_TRACKED_SMALL_PARCEL,1.001,1.250,19.65,50,
WORLD_ZONE_TWO_INTERNATIONAL_TRACKED_SMALL_PARCEL,1.251,1.500,21.55,50,
WORLD_ZONE_TWO_INTERNATIONAL_TRACKED_SMALL_PARCEL,1.501,1.750,22.65,50,
WORLD_ZONE_TWO_INTERNATIONAL_TRACKED_SMALL_PARCEL,1.751,2.000,24.45,50,
WORLD_ZONE_TWO_INTERNATIONAL_TRACKED_LETTER_EXTRA_INSURANCE,0.001,0.010,8.50,250,
WORLD_ZONE_TWO_INTERNATIONAL_TRACKED_LETTER_EXTRA_INSURANCE,0.011,0.020,8.83,250,
WORLD_ZONE_TWO_INTERNATIONAL_TRACKED_LETTER_EXTRA_INSURANCE,0.021,0.100,9.75,250,
WORLD_ZONE_TWO_INTERNATIONAL_TRACKED_LARGE_LETTER_EXTRA_INSURANCE,0.001,0.100,12.22,250,
WORLD_ZONE_TWO_INTERNATIONAL_TRACKED_LARGE_LETTER_EXTRA_INSURANCE,0.101,0.250,12.82,250,
WORLD_ZONE_TWO_INTERNATIONAL_TRACKED_LARGE_LETTER_EXTRA_INSURANCE,0.251,0.500,14.56,250,
WORLD_ZONE_TWO_INTERNATIONAL_TRACKED_LARGE_LETTER_EXTRA_INSURANCE,0.501,0.750,15.70,250,
WORLD_ZONE_TWO_INTERNATIONAL_TRACKED_SMALL_PARCEL_EXTRA_INSURANCE,0.001,0.100,11.50,250,
WORLD_ZONE_TWO_INTERNATIONAL_TRACKED_SMALL_PARCEL_EXTRA_INSURANCE,0.101,0.250,12.55,250,
WORLD_ZONE_TWO_INTERNATIONAL_TRACKED_SMALL_PARCEL_EXTRA_INSURANCE,0.251,0.500,15.40,250,
WORLD_ZONE_TWO_INTERNATIONAL_TRACKED_SMALL_PARCEL_EXTRA_INSURANCE,0.501,0.750,17.90,250,
WORLD_ZONE_TWO_INTERNATIONAL_TRACKED_SMALL_PARCEL_EXTRA_INSURANCE,0.751,1.000,20.65,250,
WORLD_ZONE_TWO_INTERNATIONAL_TRACKED_SMALL_PARCEL_EXTRA_INSURANCE,1.001,1.250,22.55,250,
WORLD_ZONE_TWO_INTERNATIONAL_TRACKED_SMALL_PARCEL_EXTRA_INSURANCE,1.251,1.500,24.45,250,
WORLD_ZONE_TWO_INTERNATIONAL_TRACKED_SMALL_PARCEL_EXTRA_INSURANCE,1.501,1.750,25.60,250,
WORLD_ZONE_TWO_INTERNATIONAL_TRACKED_SMALL_PARCEL_EXTRA_INSURANCE,1.751,2.000,27.50,250,
WORLD_ZONE_TWO_INTERNATIONAL_SIGNED_LETTER,0.001,0.010,6.00,50,
WORLD_ZONE_TWO_INTERNATIONAL_SIGNED_LETTER,0.011,0.020,6.33,50,
WORLD_ZONE_TWO_INTERNATIONAL_SIGNED_LETTER,0.020,0.100,7.25,50,
WORLD_ZONE_TWO_INTERNATIONAL_SIGNED_LARGE_LETTER,0.001,0.100,8.55,50,
WORLD_ZONE_TWO_INTERNATIONAL_SIGNED_LARGE_LETTER,0.101,0.250,9.55,50,
WORLD_ZONE_TWO_INTERNATIONAL_SIGNED_LARGE_LETTER,0.251,0.500,12.25,50,
WORLD_ZONE_TWO_INTERNATIONAL_SIGNED_LARGE_LETTER,0.501,0.750,14.65,50
WORLD_ZONE_TWO_INTERNATIONAL_SIGNED_SMALL_PARCEL,0.001,0.100,9.00,50,
WORLD_ZONE_TWO_INTERNATIONAL_SIGNED_SMALL_PARCEL,0.101,0.250,10.05,50,
WORLD_ZONE_TWO_INTERNATIONAL_SIGNED_SMALL_PARCEL,0.251,0.500,12.90,50,
WORLD_ZONE_TWO_INTERNATIONAL_SIGNED_SMALL_PARCEL,0.501,0.750,15.40,50,
WORLD_ZONE_TWO_INTERNATIONAL_SIGNED_SMALL_PARCEL,0.751,1.000,18.15,50
WORLD_ZONE_TWO_INTERNATIONAL_SIGNED_SMALL_PARCEL,1.001,1.250,19.65,50,
WORLD_ZONE_TWO_INTERNATIONAL_SIGNED_SMALL_PARCEL,1.251,1.500,21.55,50,
WORLD_ZONE_TWO_INTERNATIONAL_SIGNED_SMALL_PARCEL,1.501,1.750,22.65,50,
WORLD_ZONE_TWO_INTERNATIONAL_SIGNED_SMALL_PARCEL,1.751,2.000,24.45,50,
WORLD_ZONE_TWO_INTERNATIONAL_SIGNED_LETTER_EXTRA_INSURANCE,0.001,0.010,8.50,250,
WORLD_ZONE_TWO_INTERNATIONAL_SIGNED_LETTER_EXTRA_INSURANCE,0.011,0.020,8.83,250,
WORLD_ZONE_TWO_INTERNATIONAL_SIGNED_LETTER_EXTRA_INSURANCE,0.020,0.100,9.75,250,
WORLD_ZONE_TWO_INTERNATIONAL_SIGNED_LARGE_LETTER_EXTRA_INSURANCE,0.001,0.100,11.40,250,
WORLD_ZONE_TWO_INTERNATIONAL_SIGNED_LARGE_LETTER_EXTRA_INSURANCE,0.101,0.250,12.45,250,
WORLD_ZONE_TWO_INTERNATIONAL_SIGNED_LARGE_LETTER_EXTRA_INSURANCE,0.251,0.500,15.30,250,
WORLD_ZONE_TWO_INTERNATIONAL_SIGNED_LARGE_LETTER_EXTRA_INSURANCE,0.501,0.750,17.80,250,
WORLD_ZONE_TWO_INTERNATIONAL_SIGNED_SMALL_PARCEL_EXTRA_INSURANCE,0.001,0.100,11.50,250,
WORLD_ZONE_TWO_INTERNATIONAL_SIGNED_SMALL_PARCEL_EXTRA_INSURANCE,0.101,0.250,12.55,250,
WORLD_ZONE_TWO_INTERNATIONAL_SIGNED_SMALL_PARCEL_EXTRA_INSURANCE,0.251,0.500,15.40,250,
WORLD_ZONE_TWO_INTERNATIONAL_SIGNED_SMALL_PARCEL_EXTRA_INSURANCE,0.501,0.750,17.90,250,
WORLD_ZONE_TWO_INTERNATIONAL_SIGNED_SMALL_PARCEL_EXTRA_INSURANCE,0.751,1.000,20.65,250,
WORLD_ZONE_TWO_INTERNATIONAL_SIGNED_SMALL_PARCEL_EXTRA_INSURANCE,1.001,1.250,20.55,250,
WORLD_ZONE_TWO_INTERNATIONAL_SIGNED_SMALL_PARCEL_EXTRA_INSURANCE,1.251,1.500,24.45,250,
WORLD_ZONE_TWO_INTERNATIONAL_SIGNED_SMALL_PARCEL_EXTRA_INSURANCE,1.501,1.750,25.60,250,
WORLD_ZONE_TWO_INTERNATIONAL_SIGNED_SMALL_PARCEL_EXTRA_INSURANCE,1.751,2.000,27.50,250,
WORLD_ZONE_TWO_INTERNATIONAL_ECONOMY_LETTER,0.001,0.010,0.90,20,
WORLD_ZONE_TWO_INTERNATIONAL_ECONOMY_LETTER,0.011,0.020,0.90,20,
WORLD_ZONE_TWO_INTERNATIONAL_ECONOMY_LETTER,0.021,0.100,1.37,20,
WORLD_ZONE_TWO_INTERNATIONAL_ECONOMY_LARGE_LETTER,0.001,0.100,2.40,20,
WORLD_ZONE_TWO_INTERNATIONAL_ECONOMY_LARGE_LETTER,0.101,0.250,3.65,20,
WORLD_ZONE_TWO_INTERNATIONAL_ECONOMY_LARGE_LETTER,0.251,0.500,5.10,20,
WORLD_ZONE_TWO_INTERNATIONAL_ECONOMY_LARGE_LETTER,0.501,0.750,6.55,20,
WORLD_ZONE_TWO_INTERNATIONAL_ECONOMY_SMALL_PARCEL,0.001,0.100,3.35,20,
WORLD_ZONE_TWO_INTERNATIONAL_ECONOMY_SMALL_PARCEL,0.101,0.250,3.85,20,
WORLD_ZONE_TWO_INTERNATIONAL_ECONOMY_SMALL_PARCEL,0.251,0.500,5.40,20,
WORLD_ZONE_TWO_INTERNATIONAL_ECONOMY_SMALL_PARCEL,0.501,0.750,6.75,20,
WORLD_ZONE_TWO_INTERNATIONAL_ECONOMY_SMALL_PARCEL,0.751,1.000,8.20,20,
WORLD_ZONE_TWO_INTERNATIONAL_ECONOMY_SMALL_PARCEL,1.001,1.250,9.40,20,
WORLD_ZONE_TWO_INTERNATIONAL_ECONOMY_SMALL_PARCEL,1.251,1.500,10.75,20,
WORLD_ZONE_TWO_INTERNATIONAL_ECONOMY_SMALL_PARCEL,1.501,1.750,12.10,20,
WORLD_ZONE_TWO_INTERNATIONAL_ECONOMY_SMALL_PARCEL,1.751,2.000,13.25,20,
UK_GUARANTEED_ROYAL_MAIL_SPECIAL_DELIVERY_1PM_500,0.001,0.100,6.45,500,
UK_GUARANTEED_ROYAL_MAIL_SPECIAL_DELIVERY_1PM_500,0.101,0.500,7.25,500,
UK_GUARANTEED_ROYAL_MAIL_SPECIAL_DELIVERY_1PM_500,0.501,1.000,8.55,500,
UK_GUARANTEED_ROYAL_MAIL_SPECIAL_DELIVERY_1PM_500,1.001,2.000,11.00,500,
UK_GUARANTEED_ROYAL_MAIL_SPECIAL_DELIVERY_1PM_500,2.001,10.000,26.60,500,
UK_GUARANTEED_ROYAL_MAIL_SPECIAL_DELIVERY_1PM_500,10.001,20.000,41.20,500,
UK_GUARANTEED_ROYAL_MAIL_SPECIAL_DELIVERY_1PM_1000,0.001,0.100,7.45,1000,
UK_GUARANTEED_ROYAL_MAIL_SPECIAL_DELIVERY_1PM_1000,0.101,0.500,8.25,1000,
UK_GUARANTEED_ROYAL_MAIL_SPECIAL_DELIVERY_1PM_1000,0.501,1.000,9.55,1000,
UK_GUARANTEED_ROYAL_MAIL_SPECIAL_DELIVERY_1PM_1000,1.001,2.000,12.00,1000,
UK_GUARANTEED_ROYAL_MAIL_SPECIAL_DELIVERY_1PM_1000,2.001,10.000,27.60,1000,
UK_GUARANTEED_ROYAL_MAIL_SPECIAL_DELIVERY_1PM_1000,10.001,20.000,42.20,1000,
UK_GUARANTEED_ROYAL_MAIL_SPECIAL_DELIVERY_1PM_2500,0.001,0.100,9.45,2500,
UK_GUARANTEED_ROYAL_MAIL_SPECIAL_DELIVERY_1PM_2500,0.101,0.500,10.25,2500,
UK_GUARANTEED_ROYAL_MAIL_SPECIAL_DELIVERY_1PM_2500,0.501,1.000,11.55,2500,
UK_GUARANTEED_ROYAL_MAIL_SPECIAL_DELIVERY_1PM_2500,1.001,2.000,14.00,2500,
UK_GUARANTEED_ROYAL_MAIL_SPECIAL_DELIVERY_1PM_2500,2.001,10.000,29.60,2500,
UK_GUARANTEED_ROYAL_MAIL_SPECIAL_DELIVERY_1PM_2500,10.001,20.000,44.20,2500,
UK_GUARANTEED_ROYAL_MAIL_SPECIAL_DELIVERY_9AM_50,0.001,0.100,18.36,50,
UK_GUARANTEED_ROYAL_MAIL_SPECIAL_DELIVERY_9AM_50,0.101,0.500,20.76,50,
UK_GUARANTEED_ROYAL_MAIL_SPECIAL_DELIVERY_9AM_50,0.501,1.000,22.50,50,
UK_GUARANTEED_ROYAL_MAIL_SPECIAL_DELIVERY_9AM_50,1.001,2.000,26.94,50,
UK_GUARANTEED_ROYAL_MAIL_SPECIAL_DELIVERY_9AM_1000,0.001,0.100,20.56,1000,
UK_GUARANTEED_ROYAL_MAIL_SPECIAL_DELIVERY_9AM_1000,0.101,0.500,22.96,1000,
UK_GUARANTEED_ROYAL_MAIL_SPECIAL_DELIVERY_9AM_1000,0.501,1.000,24.70,1000,
UK_GUARANTEED_ROYAL_MAIL_SPECIAL_DELIVERY_9AM_1000,1.001,2.000,29.14,1000,
UK_GUARANTEED_ROYAL_MAIL_SPECIAL_DELIVERY_9AM_2500,0.001,0.100,24.06,2500,
UK_GUARANTEED_ROYAL_MAIL_SPECIAL_DELIVERY_9AM_2500,0.101,0.500,26.46,2500,
UK_GUARANTEED_ROYAL_MAIL_SPECIAL_DELIVERY_9AM_2500,0.501,1.000,28.20,2500,
UK_GUARANTEED_ROYAL_MAIL_SPECIAL_DELIVERY_9AM_2500,1.001,2.000,32.64,2500,
UK_GUARANTEED_ROYAL_MAIL_SPECIAL_DELIVERY_1PM_SATURDAY_500,0.001,0.100,10.74,500,
UK_GUARANTEED_ROYAL_MAIL_SPECIAL_DELIVERY_1PM_SATURDAY_500,0.101,0.500,11.70,500,
UK_GUARANTEED_ROYAL_MAIL_SPECIAL_DELIVERY_1PM_SATURDAY_500,0.501,1.000,13.26,500,
UK_GUARANTEED_ROYAL_MAIL_SPECIAL_DELIVERY_1PM_SATURDAY_500,1.001,2.000,16.20,500,
UK_GUARANTEED_ROYAL_MAIL_SPECIAL_DELIVERY_1PM_SATURDAY_500,2.001,10.000,34.92,500,
UK_GUARANTEED_ROYAL_MAIL_SPECIAL_DELIVERY_1PM_SATURDAY_500,10.001,20.000,52.44,500,
UK_GUARANTEED_ROYAL_MAIL_SPECIAL_DELIVERY_1PM_SATURDAY_1000,0.001,0.100,11.94,1000,
UK_GUARANTEED_ROYAL_MAIL_SPECIAL_DELIVERY_1PM_SATURDAY_1000,0.101,0.500,12.90,1000,
UK_GUARANTEED_ROYAL_MAIL_SPECIAL_DELIVERY_1PM_SATURDAY_1000,0.501,1.000,14.46,1000,
UK_GUARANTEED_ROYAL_MAIL_SPECIAL_DELIVERY_1PM_SATURDAY_1000,1.001,2.000,17.40,1000,
UK_GUARANTEED_ROYAL_MAIL_SPECIAL_DELIVERY_1PM_SATURDAY_1000,2.001,10.000,36.12,1000,
UK_GUARANTEED_ROYAL_MAIL_SPECIAL_DELIVERY_1PM_SATURDAY_1000,10.001,20.000,53.64,1000,
UK_GUARANTEED_ROYAL_MAIL_SPECIAL_DELIVERY_1PM_SATURDAY_2500,0.001,0.100,14.34,2500,
UK_GUARANTEED_ROYAL_MAIL_SPECIAL_DELIVERY_1PM_SATURDAY_2500,0.101,0.500,15.30,2500,
UK_GUARANTEED_ROYAL_MAIL_SPECIAL_DELIVERY_1PM_SATURDAY_2500,0.501,1.000,16.86,2500,
UK_GUARANTEED_ROYAL_MAIL_SPECIAL_DELIVERY_1PM_SATURDAY_2500,1.001,2.000,19.80,2500,
UK_GUARANTEED_ROYAL_MAIL_SPECIAL_DELIVERY_1PM_SATURDAY_2500,2.001,10.000,38.52,2500,
UK_GUARANTEED_ROYAL_MAIL_SPECIAL_DELIVERY_1PM_SATURDAY_2500,10.001,20.000,56.04,2500,
UK_GUARANTEED_ROYAL_MAIL_SPECIAL_DELIVERY_9AM_SATURDAY_50,0.001,0.100,21.36,50,
UK_GUARANTEED_ROYAL_MAIL_SPECIAL_DELIVERY_9AM_SATURDAY_50,0.101,0.500,23.76,50,
UK_GUARANTEED_ROYAL_MAIL_SPECIAL_DELIVERY_9AM_SATURDAY_50,0.501,1.000,25.50,50,
UK_GUARANTEED_ROYAL_MAIL_SPECIAL_DELIVERY_9AM_SATURDAY_50,1.001,2.000,29.94,50,
UK_GUARANTEED_ROYAL_MAIL_SPECIAL_DELIVERY_9AM_SATURDAY_1000,0.001,0.100,23.56,1000,
UK_GUARANTEED_ROYAL_MAIL_SPECIAL_DELIVERY_9AM_SATURDAY_1000,0.101,0.500,25.96,1000,
UK_GUARANTEED_ROYAL_MAIL_SPECIAL_DELIVERY_9AM_SATURDAY_1000,0.501,1.000,27.70,1000,
UK_GUARANTEED_ROYAL_MAIL_SPECIAL_DELIVERY_9AM_SATURDAY_1000,1.001,2.000,32.14,1000,
UK_GUARANTEED_ROYAL_MAIL_SPECIAL_DELIVERY_9AM_SATURDAY_2500,0.001,0.100,27.06,2500,
UK_GUARANTEED_ROYAL_MAIL_SPECIAL_DELIVERY_9AM_SATURDAY_2500,0.101,0.500,29.46,2500,
UK_GUARANTEED_ROYAL_MAIL_SPECIAL_DELIVERY_9AM_SATURDAY_2500,0.501,1.000,31.20,2500,
UK_GUARANTEED_ROYAL_MAIL_SPECIAL_DELIVERY_9AM_SATURDAY_2500,1.001,2.000,35.64,2500,
UK_CONFIRMED_ROYAL_MAIL_SIGNED_FOR_FIRST_CLASS_LETTER,0.001,0.100,1.75,50,
UK_CONFIRMED_ROYAL_MAIL_SIGNED_FOR_FIRST_CLASS_LARGE_LETTER,0.001,0.100,2.08,50,
UK_CONFIRMED_ROYAL_MAIL_SIGNED_FOR_FIRST_CLASS_LARGE_LETTER,0.101,0.250,2.40,50,
UK_CONFIRMED_ROYAL_MAIL_SIGNED_FOR_FIRST_CLASS_LARGE_LETTER,0.251,0.500,2.84,50,
UK_CONFIRMED_ROYAL_MAIL_SIGNED_FOR_FIRST_CLASS_LARGE_LETTER,0.501,0.750,3.62,50,
UK_CONFIRMED_ROYAL_MAIL_SIGNED_FOR_FIRST_CLASS_SMALL_PARCEL,0.001,1.000,4.40,50,SMALL
UK_CONFIRMED_ROYAL_MAIL_SIGNED_FOR_FIRST_CLASS_SMALL_PARCEL,1.001,2.000,6.50,50,SMALL
UK_CONFIRMED_ROYAL_MAIL_SIGNED_FOR_FIRST_CLASS_MEDIUM_PARCEL,0.001,1.000,6.70,50,MEDIUM
UK_CONFIRMED_ROYAL_MAIL_SIGNED_FOR_FIRST_CLASS_MEDIUM_PARCEL,1.001,2.000,9.95,50,MEDIUM
UK_CONFIRMED_ROYAL_MAIL_SIGNED_FOR_FIRST_CLASS_MEDIUM_PARCEL,2.001,5.000,16.85,50,
UK_CONFIRMED_ROYAL_MAIL_SIGNED_FOR_FIRST_CLASS_MEDIUM_PARCEL,5.001,10.000,22.90,50,
UK_CONFIRMED_ROYAL_MAIL_SIGNED_FOR_FIRST_CLASS_MEDIUM_PARCEL,10.001,20.000,34.40,
UK_CONFIRMED_ROYAL_MAIL_SIGNED_FOR_SECOND_CLASS_LETTER,0.001,0.100,1.66,50,
UK_CONFIRMED_ROYAL_MAIL_SIGNED_FOR_SECOND_CLASS_LARGE_LETTER,0.001,0.100,1.86,50,
UK_CONFIRMED_ROYAL_MAIL_SIGNED_FOR_SECOND_CLASS_LARGE_LETTER,0.101,0.250,2.32,50,
UK_CONFIRMED_ROYAL_MAIL_SIGNED_FOR_SECOND_CLASS_LARGE_LETTER,0.251,0.500,2.68,50,
UK_CONFIRMED_ROYAL_MAIL_SIGNED_FOR_SECOND_CLASS_LARGE_LETTER,0.501,0.750,3.24,50,
UK_CONFIRMED_ROYAL_MAIL_SIGNED_FOR_SECOND_CLASS_SMALL_PARCEL,0.001,1.000,3.90,50,SMALL
UK_CONFIRMED_ROYAL_MAIL_SIGNED_FOR_SECOND_CLASS_SMALL_PARCEL,1.001,2.000,3.90,50,SMALL
UK_CONFIRMED_ROYAL_MAIL_SIGNED_FOR_SECOND_CLASS_MEDIUM_PARCEL,0.001,1.000,6.00,50,MEDIUM
UK_CONFIRMED_ROYAL_MAIL_SIGNED_FOR_SECOND_CLASS_MEDIUM_PARCEL,1.001,2.000,6.00,50,MEDIUM
UK_CONFIRMED_ROYAL_MAIL_SIGNED_FOR_SECOND_CLASS_MEDIUM_PARCEL,2.001,5.000,14.75,50,
UK_CONFIRMED_ROYAL_MAIL_SIGNED_FOR_SECOND_CLASS_MEDIUM_PARCEL,5.001,10.000,21.25,50,
UK_CONFIRMED_ROYAL_MAIL_SIGNED_FOR_SECOND_CLASS_MEDIUM_PARCEL,10.001,20.000,29.55,50,
UK_STANDARD_FIRST_CLASS_LETTER,0.001,0.100,0.65,20,
UK_STANDARD_FIRST_CLASS_LARGE_LETTER,0.001,0.100,0.98,20,
UK_STANDARD_FIRST_CLASS_LARGE_LETTER,0.101,0.250,1.30,20,
UK_STANDARD_FIRST_CLASS_LARGE_LETTER,0.251,0.500,1.74,20,
UK_STANDARD_FIRST_CLASS_LARGE_LETTER,0.501,0.750,2.52,20,
UK_STANDARD_FIRST_CLASS_SMALL_PARCEL,0.001,1.000,3.40,20,SMALL
UK_STANDARD_FIRST_CLASS_SMALL_PARCEL,1.001,2.000,5.50,20,SMALL
UK_STANDARD_FIRST_CLASS_MEDIUM_PARCEL,0.001,1.000,5.70,20,MEDIUM
UK_STANDARD_FIRST_CLASS_MEDIUM_PARCEL,1.001,2.000,8.95,20,MEDIUM
UK_STANDARD_FIRST_CLASS_MEDIUM_PARCEL,2.001,5.000,15.85,20,
UK_STANDARD_FIRST_CLASS_MEDIUM_PARCEL,5.001,10.000,21.90,20,
UK_STANDARD_FIRST_CLASS_MEDIUM_PARCEL,10.001,20.000,33.40,20,
UK_STANDARD_SECOND_CLASS_LETTER,0.001,0.100,0.56,20,
UK_STANDARD_SECOND_CLASS_LARGE_LETTER,0.001,0.100,0.76,20,
UK_STANDARD_SECOND_CLASS_LARGE_LETTER,0.101,0.250,1.22,20,
UK_STANDARD_SECOND_CLASS_LARGE_LETTER,0.251,0.500,1.58,20,
UK_STANDARD_SECOND_CLASS_LARGE_LETTER,0.501,0.750,2.14,20,
UK_STANDARD_SECOND_CLASS_SMALL_PARCEL,0.001,1.000,2.90,20,SMALL
UK_STANDARD_SECOND_CLASS_SMALL_PARCEL,1.001,2.000,2.90,20,SMALL
UK_STANDARD_SECOND_CLASS_MEDIUM_PARCEL,0.001,1.000,5.00,20,MEDIUM
UK_STANDARD_SECOND_CLASS_MEDIUM_PARCEL,1.001,2.000,5.00,20,MEDIUM
UK_STANDARD_SECOND_CLASS_MEDIUM_PARCEL,2.001,5.000,13.75,20,
UK_STANDARD_SECOND_CLASS_MEDIUM_PARCEL,5.001,10.000,20.25,20,
UK_STANDARD_SECOND_CLASS_MEDIUM_PARCEL,10.001,20.000,28.55,20,
PARCELFORCE_WORLDWIDE_EXPRESS_9,0.001,2.000,39.48,200,
PARCELFORCE_WORLDWIDE_EXPRESS_9,2.001,5.000,40.48,200,
PARCELFORCE_WORLDWIDE_EXPRESS_9,5.001,10.000,43.90,200,
PARCELFORCE_WORLDWIDE_EXPRESS_9,10.001,15.000,50.63,200,
PARCELFORCE_WORLDWIDE_EXPRESS_9,15.001,20.000,56.00,200,
PARCELFORCE_WORLDWIDE_EXPRESS_9,20.001,25.000,67.13.200,
PARCELFORCE_WORLDWIDE_EXPRESS_9,25.001,30.000,71.27,200,
PARCELFORCE_WORLDWIDE_EXPRESS_10,0.001,2.000,29.48,200,
PARCELFORCE_WORLDWIDE_EXPRESS_10,2.001,5.000,30.48,200,
PARCELFORCE_WORLDWIDE_EXPRESS_10,5.001,10.000,33.90,200,
PARCELFORCE_WORLDWIDE_EXPRESS_10,10.001,15.000,40.63,200,
PARCELFORCE_WORLDWIDE_EXPRESS_10,15.001,20.000,46.01,200,
PARCELFORCE_WORLDWIDE_EXPRESS_10,20.001,25.000,57.13,200,
PARCELFORCE_WORLDWIDE_EXPRESS_10,25.001,30.000,61.27,200,
PARCELFORCE_WORLDWIDE_EXPRESS_AM,0.001,2.000,19.49,200,
PARCELFORCE_WORLDWIDE_EXPRESS_AM,2.001,5.000,20.48,200,
PARCELFORCE_WORLDWIDE_EXPRESS_AM,5.001,10.000,23.90,200,
PARCELFORCE_WORLDWIDE_EXPRESS_AM,10.001,15.000,30.64,200,
PARCELFORCE_WORLDWIDE_EXPRESS_AM,15.001,20.000,36.01,200,
PARCELFORCE_WORLDWIDE_EXPRESS_AM,20.001,25.000,47.14,200,
PARCELFORCE_WORLDWIDE_EXPRESS_AM,25.001,30.000,51.28,200,
PARCELFORCE_WORLDWIDE_EXPRESS_24,0.001,2.000,16.49,100,
PARCELFORCE_WORLDWIDE_EXPRESS_24,2.001,5.000,17.48,100,
PARCELFORCE_WORLDWIDE_EXPRESS_24,5.001,10.000,20.90,100,
PARCELFORCE_WORLDWIDE_EXPRESS_24,10.001,15.000,27.64,100,
PARCELFORCE_WORLDWIDE_EXPRESS_24,15.001,20.000,33.01,100,
PARCELFORCE_WORLDWIDE_EXPRESS_24,20.001,25.000,44.14,100,
PARCELFORCE_WORLDWIDE_EXPRESS_24,25.001,30.000,48.28,100,
PARCELFORCE_WORLDWIDE_EXPRESS_48,0.001,2.000,11.99,100,
PARCELFORCE_WORLDWIDE_EXPRESS_48,2.001,5.000,12.98,100,
PARCELFORCE_WORLDWIDE_EXPRESS_48,5.001,10.000,16.40,100,
PARCELFORCE_WORLDWIDE_EXPRESS_48,10.001,15.000,23.14,100,
PARCELFORCE_WORLDWIDE_EXPRESS_48,15.001,20.000,28.51,100,
PARCELFORCE_WORLDWIDE_EXPRESS_48,20.001,25.000,39.64,100,
PARCELFORCE_WORLDWIDE_EXPRESS_48,25.001,30.000,43.78,100,
PARCELFORCE_WORLDWIDE_EXPRESS_9_SATURDAY,0.001,2.000,48.48,200,
PARCELFORCE_WORLDWIDE_EXPRESS_9_SATURDAY,2.001,5.000,49.48,200,
PARCELFORCE_WORLDWIDE_EXPRESS_9_SATURDAY,5.001,10.000,52.90,200,
PARCELFORCE_WORLDWIDE_EXPRESS_9_SATURDAY,10.001,15.000,59.63,200,
PARCELFORCE_WORLDWIDE_EXPRESS_9_SATURDAY,15.001,20.000,65.00,200,
PARCELFORCE_WORLDWIDE_EXPRESS_9_SATURDAY,20.001,25.000,76.13,200,
PARCELFORCE_WORLDWIDE_EXPRESS_9_SATURDAY,25.001,30.000,80.27,200,
PARCELFORCE_WORLDWIDE_EXPRESS_10_SATURDAY,0.001,2.000,38.48,200,
PARCELFORCE_WORLDWIDE_EXPRESS_10_SATURDAY,2.001,5.000,39.48,200,
PARCELFORCE_WORLDWIDE_EXPRESS_10_SATURDAY,5.001,10.000,42.90,200,
PARCELFORCE_WORLDWIDE_EXPRESS_10_SATURDAY,10.001,15.000,49.63,200,
PARCELFORCE_WORLDWIDE_EXPRESS_10_SATURDAY,15.001,20.000,55.01,200,
PARCELFORCE_WORLDWIDE_EXPRESS_10_SATURDAY,20.001,25.000,66.13,200,
PARCELFORCE_WORLDWIDE_EXPRESS_10_SATURDAY,25.001,30.000,70.27,200,
PARCELFORCE_WORLDWIDE_EXPRESS_AM_SATURDAY,0.001,2.000,28.49,200,
PARCELFORCE_WORLDWIDE_EXPRESS_AM_SATURDAY,2.001,5.000,29.48,200,
PARCELFORCE_WORLDWIDE_EXPRESS_AM_SATURDAY,5.001,10.000,33.90,200,
PARCELFORCE_WORLDWIDE_EXPRESS_AM_SATURDAY,10.001,15.000,39.64,200,
PARCELFORCE_WORLDWIDE_EXPRESS_AM_SATURDAY,15.001,20.000,45.01,200,
PARCELFORCE_WORLDWIDE_EXPRESS_AM_SATURDAY,20.001,25.000,56.14,200,
PARCELFORCE_WORLDWIDE_EXPRESS_AM_SATURDAY,25.001,30.000,60.28,200,
PARCELFORCE_WORLDWIDE_EXPRESS_24_SATURDAY,0.001,2.000,25.49,100,
PARCELFORCE_WORLDWIDE_EXPRESS_24_SATURDAY,2.001,5.000,26.48,100
PARCELFORCE_WORLDWIDE_EXPRESS_24_SATURDAY,5.001,10.000,29.90,100,
PARCELFORCE_WORLDWIDE_EXPRESS_24_SATURDAY,10.001,15.000,36.64,100,
PARCELFORCE_WORLDWIDE_EXPRESS_24_SATURDAY,15.001,20.000,42.01,100,
PARCELFORCE_WORLDWIDE_EXPRESS_24_SATURDAY,20.001,25.000,53.14,100,
PARCELFORCE_WORLDWIDE_EXPRESS_24_SATURDAY,25.001,30.000,57.28,100,
PARCELFORCE_WORLDWIDE_EXPRESS_48_SATURDAY,0.001,2.000,21.99,100,
PARCELFORCE_WORLDWIDE_EXPRESS_48_SATURDAY,2.001,5.000,22.98,100,
PARCELFORCE_WORLDWIDE_EXPRESS_48_SATURDAY,5.001,10.000,25.40,100,
PARCELFORCE_WORLDWIDE_EXPRESS_48_SATURDAY,10.001,15.000,32.14,100,
PARCELFORCE_WORLDWIDE_EXPRESS_48_SATURDAY,15.001,20.000,37.51,100,
PARCELFORCE_WORLDWIDE_EXPRESS_48_SATURDAY,20.001,25.000,38.68,100,
PARCELFORCE_WORLDWIDE_EXPRESS_48_SATURDAY,25.001,30.000,52.78,100,
PF_WORLD_ZONE_FOUR_PARCELFORCE_GLOBAL_VALUE,0.001,0.500,9.65,100,
PF_WORLD_ZONE_FOUR_PARCELFORCE_GLOBAL_VALUE,0.501,1.000,10.85,100,
PF_WORLD_ZONE_FOUR_PARCELFORCE_GLOBAL_VALUE,1.001,1.500,12.05,100,
PF_WORLD_ZONE_FOUR_PARCELFORCE_GLOBAL_VALUE,1.501,2.000,13.25,100,
PF_WORLD_ZONE_FOUR_PARCELFORCE_GLOBAL_VALUE,2.001,2.500,14.20,100,
PF_WORLD_ZONE_FOUR_PARCELFORCE_GLOBAL_VALUE,2.501,3.000,15.15,100,
PF_WORLD_ZONE_FOUR_PARCELFORCE_GLOBAL_VALUE,3.001,3.500,16.10,100,
PF_WORLD_ZONE_FOUR_PARCELFORCE_GLOBAL_VALUE,3.501,4.000,17.05,100,
PF_WORLD_ZONE_FOUR_PARCELFORCE_GLOBAL_VALUE,4.001,4.500,18.00,100,
PF_WORLD_ZONE_FOUR_PARCELFORCE_GLOBAL_VALUE,4.501,5.000,18.95,100,
PF_WORLD_ZONE_FOUR_PARCELFORCE_GLOBAL_VALUE,5.001,5.500,19.35,100,
PF_WORLD_ZONE_FOUR_PARCELFORCE_GLOBAL_VALUE,5.501,6.000,19.75,100,
PF_WORLD_ZONE_FOUR_PARCELFORCE_GLOBAL_VALUE,6.001,6.500,20.15,100,
PF_WORLD_ZONE_FOUR_PARCELFORCE_GLOBAL_VALUE,6.501,7.000,20.55,100,
PF_WORLD_ZONE_FOUR_PARCELFORCE_GLOBAL_VALUE,7.001,7.500,20.95,100,
PF_WORLD_ZONE_FOUR_PARCELFORCE_GLOBAL_VALUE,7.501,8.000,21.35,100,
PF_WORLD_ZONE_FOUR_PARCELFORCE_GLOBAL_VALUE,8.001,8.500,21.75,100,
PF_WORLD_ZONE_FOUR_PARCELFORCE_GLOBAL_VALUE,8.501,9.000,22.15,100,
PF_WORLD_ZONE_FOUR_PARCELFORCE_GLOBAL_VALUE,9.001,9.500,22.55,100,
PF_WORLD_ZONE_FOUR_PARCELFORCE_GLOBAL_VALUE,9.501,10.000,22.95,100,
PF_WORLD_ZONE_FOUR_PARCELFORCE_GLOBAL_PRIORITY,0.001,0.500,29.65,100,
PF_WORLD_ZONE_FOUR_PARCELFORCE_GLOBAL_PRIORITY,0.501,1.000,30.90,100,
PF_WORLD_ZONE_FOUR_PARCELFORCE_GLOBAL_PRIORITY,1.001,1.500,32.15,100,
PF_WORLD_ZONE_FOUR_PARCELFORCE_GLOBAL_PRIORITY,1.501,2.000,33.40,100,
PF_WORLD_ZONE_FOUR_PARCELFORCE_GLOBAL_PRIORITY,2.001,2.500,34.40,100,
PF_WORLD_ZONE_FOUR_PARCELFORCE_GLOBAL_PRIORITY,2.501,3.000,35.40,100,
PF_WORLD_ZONE_FOUR_PARCELFORCE_GLOBAL_PRIORITY,3.001,3.500,36.40,100,
PF_WORLD_ZONE_FOUR_PARCELFORCE_GLOBAL_PRIORITY,3.501,4.000,37.40,100,
PF_WORLD_ZONE_FOUR_PARCELFORCE_GLOBAL_PRIORITY,4.001,4.500,38.40,100,
PF_WORLD_ZONE_FOUR_PARCELFORCE_GLOBAL_PRIORITY,4.501,5.000,39.40,100,
PF_WORLD_ZONE_FOUR_PARCELFORCE_GLOBAL_PRIORITY,5.001,5.500,39.80,100,
PF_WORLD_ZONE_FOUR_PARCELFORCE_GLOBAL_PRIORITY,5.501,6.000,40.20,100,
PF_WORLD_ZONE_FOUR_PARCELFORCE_GLOBAL_PRIORITY,6.001,6.500,40.60,100,
PF_WORLD_ZONE_FOUR_PARCELFORCE_GLOBAL_PRIORITY,6.501,7.000,41.00,100,
PF_WORLD_ZONE_FOUR_PARCELFORCE_GLOBAL_PRIORITY,7.001,7.500,41.40,100,
PF_WORLD_ZONE_FOUR_PARCELFORCE_GLOBAL_PRIORITY,7.501,8.000,41.80,100,
PF_WORLD_ZONE_FOUR_PARCELFORCE_GLOBAL_PRIORITY,8.001,8.500,42.20,100,
PF_WORLD_ZONE_FOUR_PARCELFORCE_GLOBAL_PRIORITY,8.501,9.000,42.60,100,
PF_WORLD_ZONE_FOUR_PARCELFORCE_GLOBAL_PRIORITY,9.001,9.500,43.00,100,
PF_WORLD_ZONE_FOUR_PARCELFORCE_GLOBAL_PRIORITY,9.501,10.000,43.40,100,
PF_WORLD_ZONE_FOUR_PARCELFORCE_GLOBAL_EXPRESS,0.001,0.500,51.95,100,
PF_WORLD_ZONE_FOUR_PARCELFORCE_GLOBAL_EXPRESS,0.501,1.000,54.50,100,
PF_WORLD_ZONE_FOUR_PARCELFORCE_GLOBAL_EXPRESS,1.001,1.500,57.05,100,
PF_WORLD_ZONE_FOUR_PARCELFORCE_GLOBAL_EXPRESS,1.501,2.000,59.60,100,
PF_WORLD_ZONE_FOUR_PARCELFORCE_GLOBAL_EXPRESS,2.001,2.500,62.05,100,
PF_WORLD_ZONE_FOUR_PARCELFORCE_GLOBAL_EXPRESS,2.501,3.000,64.50,100,
PF_WORLD_ZONE_FOUR_PARCELFORCE_GLOBAL_EXPRESS,3.001,3.500,66.95,100,
PF_WORLD_ZONE_FOUR_PARCELFORCE_GLOBAL_EXPRESS,3.501,4.000,69.40,100,
PF_WORLD_ZONE_FOUR_PARCELFORCE_GLOBAL_EXPRESS,4.001,4.500,71.85,100,
PF_WORLD_ZONE_FOUR_PARCELFORCE_GLOBAL_EXPRESS,4.501,5.000,74.30,100,
PF_WORLD_ZONE_FOUR_PARCELFORCE_GLOBAL_EXPRESS,5.001,5.500,77.05,100,
PF_WORLD_ZONE_FOUR_PARCELFORCE_GLOBAL_EXPRESS,5.501,6.000,79.80,100,
PF_WORLD_ZONE_FOUR_PARCELFORCE_GLOBAL_EXPRESS,6.001,6.500,82.55,100,
PF_WORLD_ZONE_FOUR_PARCELFORCE_GLOBAL_EXPRESS,6.501,7.000,85.30,100,
PF_WORLD_ZONE_FOUR_PARCELFORCE_GLOBAL_EXPRESS,7.001,7.500,88.05,100,
PF_WORLD_ZONE_FOUR_PARCELFORCE_GLOBAL_EXPRESS,7.501,8.000,90.80,100,
PF_WORLD_ZONE_FOUR_PARCELFORCE_GLOBAL_EXPRESS,8.001,8.500,93.55,100,
PF_WORLD_ZONE_FOUR_PARCELFORCE_GLOBAL_EXPRESS,8.501,9.000,96.30,100,
PF_WORLD_ZONE_FOUR_PARCELFORCE_GLOBAL_EXPRESS,9.001,9.500,99.05,100,
PF_WORLD_ZONE_FOUR_PARCELFORCE_GLOBAL_EXPRESS,9.501,10.000,101.80,100,
PF_WORLD_ZONE_FIVE_PARCELFORCE_GLOBAL_VALUE,0.001,0.500,16.68,100,
PF_WORLD_ZONE_FIVE_PARCELFORCE_GLOBAL_VALUE,0.501,1.000,19.08,100,
PF_WORLD_ZONE_FIVE_PARCELFORCE_GLOBAL_VALUE,1.001,1.500,21.48,100,
PF_WORLD_ZONE_FIVE_PARCELFORCE_GLOBAL_VALUE,1.501,2.000,23.88,100,
PF_WORLD_ZONE_FIVE_PARCELFORCE_GLOBAL_VALUE,2.001,2.500,26.28,100,
PF_WORLD_ZONE_FIVE_PARCELFORCE_GLOBAL_VALUE,2.501,3.000,28.68,100,
PF_WORLD_ZONE_FIVE_PARCELFORCE_GLOBAL_VALUE,3.001,3.500,31.08,100,
PF_WORLD_ZONE_FIVE_PARCELFORCE_GLOBAL_VALUE,3.501,4.000,33.48,100,
PF_WORLD_ZONE_FIVE_PARCELFORCE_GLOBAL_VALUE,4.001,4.500,35.88,100,
PF_WORLD_ZONE_FIVE_PARCELFORCE_GLOBAL_VALUE,4.501,5.000,38.28,100,
PF_WORLD_ZONE_FIVE_PARCELFORCE_GLOBAL_VALUE,5.001,5.500,39.30,100,
PF_WORLD_ZONE_FIVE_PARCELFORCE_GLOBAL_VALUE,5.501,6.000,40.32,100,
PF_WORLD_ZONE_FIVE_PARCELFORCE_GLOBAL_VALUE,6.001,6.500,41.34,100,
PF_WORLD_ZONE_FIVE_PARCELFORCE_GLOBAL_VALUE,6.501,7.000,42.36,100,
PF_WORLD_ZONE_FIVE_PARCELFORCE_GLOBAL_VALUE,7.001,7.500,43.38,100,
PF_WORLD_ZONE_FIVE_PARCELFORCE_GLOBAL_VALUE,7.501,8.000,44.40,100,
PF_WORLD_ZONE_FIVE_PARCELFORCE_GLOBAL_VALUE,8.001,8.500,45.42,100,
PF_WORLD_ZONE_FIVE_PARCELFORCE_GLOBAL_VALUE,8.501,9.000,46.44,100,
PF_WORLD_ZONE_FIVE_PARCELFORCE_GLOBAL_VALUE,9.001,9.500,47.46,100,
PF_WORLD_ZONE_FIVE_PARCELFORCE_GLOBAL_VALUE,9.501,10.000,48.48,100,
PF_WORLD_ZONE_FIVE_PARCELFORCE_GLOBAL_PRIORITY,0.001,0.500,30.48,100,
PF_WORLD_ZONE_FIVE_PARCELFORCE_GLOBAL_PRIORITY,0.501,1.000,33.00,100,
PF_WORLD_ZONE_FIVE_PARCELFORCE_GLOBAL_PRIORITY,1.001,1.500,35.52,100,
PF_WORLD_ZONE_FIVE_PARCELFORCE_GLOBAL_PRIORITY,1.501,2.000,38.04,100,
PF_WORLD_ZONE_FIVE_PARCELFORCE_GLOBAL_PRIORITY,2.001,2.500,40.56,100,
PF_WORLD_ZONE_FIVE_PARCELFORCE_GLOBAL_PRIORITY,2.501,3.000,43.08,100,
PF_WORLD_ZONE_FIVE_PARCELFORCE_GLOBAL_PRIORITY,3.001,3.500,45.60,100,
PF_WORLD_ZONE_FIVE_PARCELFORCE_GLOBAL_PRIORITY,3.501,4.000,48.12,100,
PF_WORLD_ZONE_FIVE_PARCELFORCE_GLOBAL_PRIORITY,4.001,4.500,50.64,100,
PF_WORLD_ZONE_FIVE_PARCELFORCE_GLOBAL_PRIORITY,4.501,5.000,53.16,100,
PF_WORLD_ZONE_FIVE_PARCELFORCE_GLOBAL_PRIORITY,5.001,5.500,54.24,100,
PF_WORLD_ZONE_FIVE_PARCELFORCE_GLOBAL_PRIORITY,5.501,6.000,55.32,100,
PF_WORLD_ZONE_FIVE_PARCELFORCE_GLOBAL_PRIORITY,6.001,6.500,56.40,100,
PF_WORLD_ZONE_FIVE_PARCELFORCE_GLOBAL_PRIORITY,6.501,7.000,57.48,100,
PF_WORLD_ZONE_FIVE_PARCELFORCE_GLOBAL_PRIORITY,7.001,7.500,58.56,100,
PF_WORLD_ZONE_FIVE_PARCELFORCE_GLOBAL_PRIORITY,7.501,8.000,59.64,100,
PF_WORLD_ZONE_FIVE_PARCELFORCE_GLOBAL_PRIORITY,8.001,8.500,60.72,100,
PF_WORLD_ZONE_FIVE_PARCELFORCE_GLOBAL_PRIORITY,8.501,9.000,61.80,100,
PF_WORLD_ZONE_FIVE_PARCELFORCE_GLOBAL_PRIORITY,9.001,9.500,62.88,100,
PF_WORLD_ZONE_FIVE_PARCELFORCE_GLOBAL_PRIORITY,9.501,10.000,63.96,100,
PF_WORLD_ZONE_FIVE_PARCELFORCE_GLOBAL_EXPRESS,0.001,0.500,47.46,100,
PF_WORLD_ZONE_FIVE_PARCELFORCE_GLOBAL_EXPRESS,0.501,1.000,49.92,100,
PF_WORLD_ZONE_FIVE_PARCELFORCE_GLOBAL_EXPRESS,1.001,1.500,52.38,100,
PF_WORLD_ZONE_FIVE_PARCELFORCE_GLOBAL_EXPRESS,1.501,2.000,54.84,100,
PF_WORLD_ZONE_FIVE_PARCELFORCE_GLOBAL_EXPRESS,2.001,2.500,58.50,100,
PF_WORLD_ZONE_FIVE_PARCELFORCE_GLOBAL_EXPRESS,2.501,3.000,62.16,100,
PF_WORLD_ZONE_FIVE_PARCELFORCE_GLOBAL_EXPRESS,3.001,3.500,65.82,100,
PF_WORLD_ZONE_FIVE_PARCELFORCE_GLOBAL_EXPRESS,3.501,4.000,69.48,100,
PF_WORLD_ZONE_FIVE_PARCELFORCE_GLOBAL_EXPRESS,4.001,4.500,73.14,100,
PF_WORLD_ZONE_FIVE_PARCELFORCE_GLOBAL_EXPRESS,4.501,5.000,76.80,100,
PF_WORLD_ZONE_FIVE_PARCELFORCE_GLOBAL_EXPRESS,5.001,5.500,78.48,100,
PF_WORLD_ZONE_FIVE_PARCELFORCE_GLOBAL_EXPRESS,5.501,6.000,80.16,100,
PF_WORLD_ZONE_FIVE_PARCELFORCE_GLOBAL_EXPRESS,6.001,6.500,81.84,100,
PF_WORLD_ZONE_FIVE_PARCELFORCE_GLOBAL_EXPRESS,6.501,7.000,83.52,100,
PF_WORLD_ZONE_FIVE_PARCELFORCE_GLOBAL_EXPRESS,7.001,7.500,85.20,100,
PF_WORLD_ZONE_FIVE_PARCELFORCE_GLOBAL_EXPRESS,7.501,8.000,86.88,100,
PF_WORLD_ZONE_FIVE_PARCELFORCE_GLOBAL_EXPRESS,8.001,8.500,88.56,100,
PF_WORLD_ZONE_FIVE_PARCELFORCE_GLOBAL_EXPRESS,8.501,9.000,90.24,100,
PF_WORLD_ZONE_FIVE_PARCELFORCE_GLOBAL_EXPRESS,9.001,9.500,91.92,100,
PF_WORLD_ZONE_FIVE_PARCELFORCE_GLOBAL_EXPRESS,9.501,10.000,93.60,100,
PF_WORLD_ZONE_SIX_PARCELFORCE_GLOBAL_VALUE,0.001,0.500,22.4,100,
PF_WORLD_ZONE_SIX_PARCELFORCE_GLOBAL_VALUE,0.501,1.000,24.72,100,
PF_WORLD_ZONE_SIX_PARCELFORCE_GLOBAL_VALUE,1.001,1.500,27.00,100,
PF_WORLD_ZONE_SIX_PARCELFORCE_GLOBAL_VALUE,1.501,2.000,29.28,100,
PF_WORLD_ZONE_SIX_PARCELFORCE_GLOBAL_VALUE,2.001,2.500,31.44,100,
PF_WORLD_ZONE_SIX_PARCELFORCE_GLOBAL_VALUE,2.501,3.000,33.60,100,
PF_WORLD_ZONE_SIX_PARCELFORCE_GLOBAL_VALUE,3.001,3.500,35.76,100,
PF_WORLD_ZONE_SIX_PARCELFORCE_GLOBAL_VALUE,3.501,4.000,37.92,100,
PF_WORLD_ZONE_SIX_PARCELFORCE_GLOBAL_VALUE,4.001,4.500,40.08,100,
PF_WORLD_ZONE_SIX_PARCELFORCE_GLOBAL_VALUE,4.501,5.000,42.24,100,
PF_WORLD_ZONE_SIX_PARCELFORCE_GLOBAL_VALUE,5.001,5.500,43.20,100,
PF_WORLD_ZONE_SIX_PARCELFORCE_GLOBAL_VALUE,5.501,6.000,44.16,100,
PF_WORLD_ZONE_SIX_PARCELFORCE_GLOBAL_VALUE,6.001,6.500,45.12,100,
PF_WORLD_ZONE_SIX_PARCELFORCE_GLOBAL_VALUE,6.501,7.000,46.08,100,
PF_WORLD_ZONE_SIX_PARCELFORCE_GLOBAL_VALUE,7.001,7.500,47.04,100,
PF_WORLD_ZONE_SIX_PARCELFORCE_GLOBAL_VALUE,7.501,8.000,48.00,100,
PF_WORLD_ZONE_SIX_PARCELFORCE_GLOBAL_VALUE,8.001,8.500,48.96,100,
PF_WORLD_ZONE_SIX_PARCELFORCE_GLOBAL_VALUE,8.501,9.000,49.92,100,
PF_WORLD_ZONE_SIX_PARCELFORCE_GLOBAL_VALUE,9.001,9.500,50.88,100,
PF_WORLD_ZONE_SIX_PARCELFORCE_GLOBAL_VALUE,9.501,10.000,51.84,100,
PF_WORLD_ZONE_SIX_PARCELFORCE_GLOBAL_PRIORITY,0.001,0.500,33.84,100,
PF_WORLD_ZONE_SIX_PARCELFORCE_GLOBAL_PRIORITY,0.501,1.000,36.12,100,
PF_WORLD_ZONE_SIX_PARCELFORCE_GLOBAL_PRIORITY,1.001,1.500,38.40,100,
PF_WORLD_ZONE_SIX_PARCELFORCE_GLOBAL_PRIORITY,1.501,2.000,40.68,100,
PF_WORLD_ZONE_SIX_PARCELFORCE_GLOBAL_PRIORITY,2.001,2.500,42.90,100,
PF_WORLD_ZONE_SIX_PARCELFORCE_GLOBAL_PRIORITY,2.501,3.000,45.12,100,
PF_WORLD_ZONE_SIX_PARCELFORCE_GLOBAL_PRIORITY,3.001,3.500,47.34,100,
PF_WORLD_ZONE_SIX_PARCELFORCE_GLOBAL_PRIORITY,3.501,4.000,49.56,100,
PF_WORLD_ZONE_SIX_PARCELFORCE_GLOBAL_PRIORITY,4.001,4.500,51.78,100,
PF_WORLD_ZONE_SIX_PARCELFORCE_GLOBAL_PRIORITY,4.501,5.000,54.00,100,
PF_WORLD_ZONE_SIX_PARCELFORCE_GLOBAL_PRIORITY,5.001,5.500,54.96,100,
PF_WORLD_ZONE_SIX_PARCELFORCE_GLOBAL_PRIORITY,5.501,6.000,55.92,100,
PF_WORLD_ZONE_SIX_PARCELFORCE_GLOBAL_PRIORITY,6.001,6.500,56.88,100,
PF_WORLD_ZONE_SIX_PARCELFORCE_GLOBAL_PRIORITY,6.501,7.000,57.84,100,
PF_WORLD_ZONE_SIX_PARCELFORCE_GLOBAL_PRIORITY,7.001,7.500,58.80,100,
PF_WORLD_ZONE_SIX_PARCELFORCE_GLOBAL_PRIORITY,7.501,8.000,59.76,100,
PF_WORLD_ZONE_SIX_PARCELFORCE_GLOBAL_PRIORITY,8.001,8.500,60.72,100,
PF_WORLD_ZONE_SIX_PARCELFORCE_GLOBAL_PRIORITY,8.501,9.000,61.68,100,
PF_WORLD_ZONE_SIX_PARCELFORCE_GLOBAL_PRIORITY,9.001,9.500,62.64,100,
PF_WORLD_ZONE_SIX_PARCELFORCE_GLOBAL_PRIORITY,9.501,10.000,63.60,100,
PF_WORLD_ZONE_SIX_PARCELFORCE_GLOBAL_EXPRESS,0.001,0.500,43.02,100,
PF_WORLD_ZONE_SIX_PARCELFORCE_GLOBAL_EXPRESS,0.501,1.000,47.04,100,
PF_WORLD_ZONE_SIX_PARCELFORCE_GLOBAL_EXPRESS,1.001,1.500,51.06,100,
PF_WORLD_ZONE_SIX_PARCELFORCE_GLOBAL_EXPRESS,1.501,2.000,55.08,100,
PF_WORLD_ZONE_SIX_PARCELFORCE_GLOBAL_EXPRESS,2.001,2.500,58.38,100,
PF_WORLD_ZONE_SIX_PARCELFORCE_GLOBAL_EXPRESS,2.501,3.000,61.68,100,
PF_WORLD_ZONE_SIX_PARCELFORCE_GLOBAL_EXPRESS,3.001,3.500,64.98,100,
PF_WORLD_ZONE_SIX_PARCELFORCE_GLOBAL_EXPRESS,3.501,4.000,68.28,100,
PF_WORLD_ZONE_SIX_PARCELFORCE_GLOBAL_EXPRESS,4.001,4.500,71.58,100,
PF_WORLD_ZONE_SIX_PARCELFORCE_GLOBAL_EXPRESS,4.501,5.000,74.88,100,
PF_WORLD_ZONE_SIX_PARCELFORCE_GLOBAL_EXPRESS,5.001,5.500,76.92,100,
PF_WORLD_ZONE_SIX_PARCELFORCE_GLOBAL_EXPRESS,5.501,6.000,78.96,100,
PF_WORLD_ZONE_SIX_PARCELFORCE_GLOBAL_EXPRESS,6.001,6.500,81.00,100,
PF_WORLD_ZONE_SIX_PARCELFORCE_GLOBAL_EXPRESS,6.501,7.000,83.04,100,
PF_WORLD_ZONE_SIX_PARCELFORCE_GLOBAL_EXPRESS,7.001,7.500,85.08,100,
PF_WORLD_ZONE_SIX_PARCELFORCE_GLOBAL_EXPRESS,7.501,8.000,87.12,100,
PF_WORLD_ZONE_SIX_PARCELFORCE_GLOBAL_EXPRESS,8.001,8.500,89.16,100,
PF_WORLD_ZONE_SIX_PARCELFORCE_GLOBAL_EXPRESS,8.501,9.000,91.20,100,
PF_WORLD_ZONE_SIX_PARCELFORCE_GLOBAL_EXPRESS,9.001,9.500,93.24,100,
PF_WORLD_ZONE_SIX_PARCELFORCE_GLOBAL_EXPRESS,9.501,10.000,95.28,100,
PF_WORLD_ZONE_SEVEN_PARCELFORCE_GLOBAL_VALUE,0.001,0.500,20.34,100,
PF_WORLD_ZONE_SEVEN_PARCELFORCE_GLOBAL_VALUE,0.501,1.000,20.94,100,
PF_WORLD_ZONE_SEVEN_PARCELFORCE_GLOBAL_VALUE,1.001,1.500,21.54,100,
PF_WORLD_ZONE_SEVEN_PARCELFORCE_GLOBAL_VALUE,1.501,2.000,22.14,100,
PF_WORLD_ZONE_SEVEN_PARCELFORCE_GLOBAL_VALUE,2.001,2.500,24.66,100,
PF_WORLD_ZONE_SEVEN_PARCELFORCE_GLOBAL_VALUE,2.501,3.000,27.18,100,
PF_WORLD_ZONE_SEVEN_PARCELFORCE_GLOBAL_VALUE,3.001,3.500,29.70,100,
PF_WORLD_ZONE_SEVEN_PARCELFORCE_GLOBAL_VALUE,3.501,4.000,32.22,100,
PF_WORLD_ZONE_SEVEN_PARCELFORCE_GLOBAL_VALUE,4.001,4.500,34.74,100,
PF_WORLD_ZONE_SEVEN_PARCELFORCE_GLOBAL_VALUE,4.501,5.000,37.26,100,
PF_WORLD_ZONE_SEVEN_PARCELFORCE_GLOBAL_VALUE,5.001,5.500,39.24,100,
PF_WORLD_ZONE_SEVEN_PARCELFORCE_GLOBAL_VALUE,5.501,6.000,41.22,100,
PF_WORLD_ZONE_SEVEN_PARCELFORCE_GLOBAL_VALUE,6.001,6.500,43.20,100,
PF_WORLD_ZONE_SEVEN_PARCELFORCE_GLOBAL_VALUE,6.501,7.000,45.18,100,
PF_WORLD_ZONE_SEVEN_PARCELFORCE_GLOBAL_VALUE,7.001,7.500,47.16,100,
PF_WORLD_ZONE_SEVEN_PARCELFORCE_GLOBAL_VALUE,7.501,8.000,49.14,100,
PF_WORLD_ZONE_SEVEN_PARCELFORCE_GLOBAL_VALUE,8.001,8.500,51.12,100,
PF_WORLD_ZONE_SEVEN_PARCELFORCE_GLOBAL_VALUE,8.501,9.000,53.10,100,
PF_WORLD_ZONE_SEVEN_PARCELFORCE_GLOBAL_VALUE,9.001,9.500,55.08,100,
PF_WORLD_ZONE_SEVEN_PARCELFORCE_GLOBAL_VALUE,9.501,10.000,57.06,100,
PF_WORLD_ZONE_SEVEN_PARCELFORCE_GLOBAL_PRIORITY,0.001,0.500,35.46,100,
PF_WORLD_ZONE_SEVEN_PARCELFORCE_GLOBAL_PRIORITY,0.501,1.000,37.38,100,
PF_WORLD_ZONE_SEVEN_PARCELFORCE_GLOBAL_PRIORITY,1.001,1.500,39.30,100,
PF_WORLD_ZONE_SEVEN_PARCELFORCE_GLOBAL_PRIORITY,1.501,2.000,41.22,100,
PF_WORLD_ZONE_SEVEN_PARCELFORCE_GLOBAL_PRIORITY,2.001,2.500,43.32,100,
PF_WORLD_ZONE_SEVEN_PARCELFORCE_GLOBAL_PRIORITY,2.501,3.000,45.42,100,
PF_WORLD_ZONE_SEVEN_PARCELFORCE_GLOBAL_PRIORITY,3.001,3.500,47.52,100,
PF_WORLD_ZONE_SEVEN_PARCELFORCE_GLOBAL_PRIORITY,3.501,4.000,49.62,100,
PF_WORLD_ZONE_SEVEN_PARCELFORCE_GLOBAL_PRIORITY,4.001,4.500,51.72,100,
PF_WORLD_ZONE_SEVEN_PARCELFORCE_GLOBAL_PRIORITY,4.501,5.000,53.82,100,
PF_WORLD_ZONE_SEVEN_PARCELFORCE_GLOBAL_PRIORITY,5.001,5.500,55.32,100,
PF_WORLD_ZONE_SEVEN_PARCELFORCE_GLOBAL_PRIORITY,5.501,6.000,56.82,100,
PF_WORLD_ZONE_SEVEN_PARCELFORCE_GLOBAL_PRIORITY,6.001,6.500,58.32,100,
PF_WORLD_ZONE_SEVEN_PARCELFORCE_GLOBAL_PRIORITY,6.501,7.000,59.82,100,
PF_WORLD_ZONE_SEVEN_PARCELFORCE_GLOBAL_PRIORITY,7.001,7.500,61.32,100,
PF_WORLD_ZONE_SEVEN_PARCELFORCE_GLOBAL_PRIORITY,7.501,8.000,62.82,100,
PF_WORLD_ZONE_SEVEN_PARCELFORCE_GLOBAL_PRIORITY,8.001,8.500,64.32,100,
PF_WORLD_ZONE_SEVEN_PARCELFORCE_GLOBAL_PRIORITY,8.501,9.000,65.82,100,
PF_WORLD_ZONE_SEVEN_PARCELFORCE_GLOBAL_PRIORITY,9.001,9.500,67.32,100,
PF_WORLD_ZONE_SEVEN_PARCELFORCE_GLOBAL_PRIORITY,9.501,10.000,68.82,100,
PF_WORLD_ZONE_SEVEN_PARCELFORCE_GLOBAL_EXPRESS,0.001,0.500,44.28,100,
PF_WORLD_ZONE_SEVEN_PARCELFORCE_GLOBAL_EXPRESS,0.501,1.000,47.82,100,
PF_WORLD_ZONE_SEVEN_PARCELFORCE_GLOBAL_EXPRESS,1.001,1.500,51.36,100,
PF_WORLD_ZONE_SEVEN_PARCELFORCE_GLOBAL_EXPRESS,1.501,2.000,54.90,100,
PF_WORLD_ZONE_SEVEN_PARCELFORCE_GLOBAL_EXPRESS,2.001,2.500,59.04,100,
PF_WORLD_ZONE_SEVEN_PARCELFORCE_GLOBAL_EXPRESS,2.501,3.000,63.18,100,
PF_WORLD_ZONE_SEVEN_PARCELFORCE_GLOBAL_EXPRESS,3.001,3.500,67.32,100,
PF_WORLD_ZONE_SEVEN_PARCELFORCE_GLOBAL_EXPRESS,3.501,4.000,71.46,100,
PF_WORLD_ZONE_SEVEN_PARCELFORCE_GLOBAL_EXPRESS,4.001,4.500,75.60,100,
PF_WORLD_ZONE_SEVEN_PARCELFORCE_GLOBAL_EXPRESS,4.501,5.000,79.74,100,
PF_WORLD_ZONE_SEVEN_PARCELFORCE_GLOBAL_EXPRESS,5.001,5.500,82.86,100,
PF_WORLD_ZONE_SEVEN_PARCELFORCE_GLOBAL_EXPRESS,5.501,6.000,85.98,100,
PF_WORLD_ZONE_SEVEN_PARCELFORCE_GLOBAL_EXPRESS,6.001,6.500,89.10,100,
PF_WORLD_ZONE_SEVEN_PARCELFORCE_GLOBAL_EXPRESS,6.501,7.000,92.22,100,
PF_WORLD_ZONE_SEVEN_PARCELFORCE_GLOBAL_EXPRESS,7.001,7.500,95.34,100,
PF_WORLD_ZONE_SEVEN_PARCELFORCE_GLOBAL_EXPRESS,7.501,8.000,98.46,100,
PF_WORLD_ZONE_SEVEN_PARCELFORCE_GLOBAL_EXPRESS,8.001,8.500,101.58,100,
PF_WORLD_ZONE_SEVEN_PARCELFORCE_GLOBAL_EXPRESS,8.501,9.000,104.70,100,
PF_WORLD_ZONE_SEVEN_PARCELFORCE_GLOBAL_EXPRESS,9.001,9.500,107.82,100,
PF_WORLD_ZONE_SEVEN_PARCELFORCE_GLOBAL_EXPRESS,9.501,10.000,110.94,100,
PF_WORLD_ZONE_EIGHT_PARCELFORCE_GLOBAL_VALUE,0.001,0.500,25.62,100,
PF_WORLD_ZONE_EIGHT_PARCELFORCE_GLOBAL_VALUE,0.501,1.000,27.90,100,
PF_WORLD_ZONE_EIGHT_PARCELFORCE_GLOBAL_VALUE,1.001,1.500,30.18,100,
PF_WORLD_ZONE_EIGHT_PARCELFORCE_GLOBAL_VALUE,1.501,2.000,32.46,100,
PF_WORLD_ZONE_EIGHT_PARCELFORCE_GLOBAL_VALUE,2.001,2.500,34.44,100,
PF_WORLD_ZONE_EIGHT_PARCELFORCE_GLOBAL_VALUE,2.501,3.000,36.42,100,
PF_WORLD_ZONE_EIGHT_PARCELFORCE_GLOBAL_VALUE,3.001,3.500,38.40,100,
PF_WORLD_ZONE_EIGHT_PARCELFORCE_GLOBAL_VALUE,3.501,4.000,40.38,100,
PF_WORLD_ZONE_EIGHT_PARCELFORCE_GLOBAL_VALUE,4.001,4.500,42.36,100,
PF_WORLD_ZONE_EIGHT_PARCELFORCE_GLOBAL_VALUE,4.501,5.000,44.34,100,
PF_WORLD_ZONE_EIGHT_PARCELFORCE_GLOBAL_VALUE,5.001,5.500,45.90,100,
PF_WORLD_ZONE_EIGHT_PARCELFORCE_GLOBAL_VALUE,5.501,6.000,47.46,100,
PF_WORLD_ZONE_EIGHT_PARCELFORCE_GLOBAL_VALUE,6.001,6.500,49.02,100,
PF_WORLD_ZONE_EIGHT_PARCELFORCE_GLOBAL_VALUE,6.501,7.000,50.58,100,
PF_WORLD_ZONE_EIGHT_PARCELFORCE_GLOBAL_VALUE,7.001,7.500,52.14,100,
PF_WORLD_ZONE_EIGHT_PARCELFORCE_GLOBAL_VALUE,7.501,8.000,53.70,100,
PF_WORLD_ZONE_EIGHT_PARCELFORCE_GLOBAL_VALUE,8.001,8.500,55.26,100,
PF_WORLD_ZONE_EIGHT_PARCELFORCE_GLOBAL_VALUE,8.501,9.000,56.82,100,
PF_WORLD_ZONE_EIGHT_PARCELFORCE_GLOBAL_VALUE,9.001,9.500,58.38,100,
PF_WORLD_ZONE_EIGHT_PARCELFORCE_GLOBAL_VALUE,9.501,10.000,59.94,100,
PF_WORLD_ZONE_EIGHT_PARCELFORCE_GLOBAL_PRIORITY,0.001,0.500,38.52,100,
PF_WORLD_ZONE_EIGHT_PARCELFORCE_GLOBAL_PRIORITY,0.501,1.000,40.62,100,
PF_WORLD_ZONE_EIGHT_PARCELFORCE_GLOBAL_PRIORITY,1.001,1.500,42.72,100,
PF_WORLD_ZONE_EIGHT_PARCELFORCE_GLOBAL_PRIORITY,1.501,2.000,44.82,100,
PF_WORLD_ZONE_EIGHT_PARCELFORCE_GLOBAL_PRIORITY,2.001,2.500,47.10,100,
PF_WORLD_ZONE_EIGHT_PARCELFORCE_GLOBAL_PRIORITY,2.501,3.000,49.38,100,
PF_WORLD_ZONE_EIGHT_PARCELFORCE_GLOBAL_PRIORITY,3.001,3.500,51.66,100,
PF_WORLD_ZONE_EIGHT_PARCELFORCE_GLOBAL_PRIORITY,3.501,4.000,53.94,100,
PF_WORLD_ZONE_EIGHT_PARCELFORCE_GLOBAL_PRIORITY,4.001,4.500,56.22,100,
PF_WORLD_ZONE_EIGHT_PARCELFORCE_GLOBAL_PRIORITY,4.501,5.000,58.50,100,
PF_WORLD_ZONE_EIGHT_PARCELFORCE_GLOBAL_PRIORITY,5.001,5.500,60.36,100,
PF_WORLD_ZONE_EIGHT_PARCELFORCE_GLOBAL_PRIORITY,5.501,6.000,62.22,100,
PF_WORLD_ZONE_EIGHT_PARCELFORCE_GLOBAL_PRIORITY,6.001,6.500,64.08,100,
PF_WORLD_ZONE_EIGHT_PARCELFORCE_GLOBAL_PRIORITY,6.501,7.000,65.94,100,
PF_WORLD_ZONE_EIGHT_PARCELFORCE_GLOBAL_PRIORITY,7.001,7.500,67.80,100,
PF_WORLD_ZONE_EIGHT_PARCELFORCE_GLOBAL_PRIORITY,7.501,8.000,69.66,100,
PF_WORLD_ZONE_EIGHT_PARCELFORCE_GLOBAL_PRIORITY,8.001,8.500,71.52,100,
PF_WORLD_ZONE_EIGHT_PARCELFORCE_GLOBAL_PRIORITY,8.501,9.000,73.38,100,
PF_WORLD_ZONE_EIGHT_PARCELFORCE_GLOBAL_PRIORITY,9.001,9.500,75.24,100,
PF_WORLD_ZONE_EIGHT_PARCELFORCE_GLOBAL_PRIORITY,9.501,10.000,77.10,100,
PF_WORLD_ZONE_EIGHT_PARCELFORCE_GLOBAL_EXPRESS,0.001,0.500,47.58,100,
PF_WORLD_ZONE_EIGHT_PARCELFORCE_GLOBAL_EXPRESS,0.501,1.000,51.36,100,
PF_WORLD_ZONE_EIGHT_PARCELFORCE_GLOBAL_EXPRESS,1.001,1.500,55.14,100,
PF_WORLD_ZONE_EIGHT_PARCELFORCE_GLOBAL_EXPRESS,1.501,2.000,58.92,100,
PF_WORLD_ZONE_EIGHT_PARCELFORCE_GLOBAL_EXPRESS,2.001,2.500,61.98,100,
PF_WORLD_ZONE_EIGHT_PARCELFORCE_GLOBAL_EXPRESS,2.501,3.000,65.04,100,
PF_WORLD_ZONE_EIGHT_PARCELFORCE_GLOBAL_EXPRESS,3.001,3.500,68.10,100,
PF_WORLD_ZONE_EIGHT_PARCELFORCE_GLOBAL_EXPRESS,3.501,4.000,71.16,100,
PF_WORLD_ZONE_EIGHT_PARCELFORCE_GLOBAL_EXPRESS,4.001,4.500,74.22,100,
PF_WORLD_ZONE_EIGHT_PARCELFORCE_GLOBAL_EXPRESS,4.501,5.000,77.28,100,
PF_WORLD_ZONE_EIGHT_PARCELFORCE_GLOBAL_EXPRESS,5.001,5.500,80.34,100,
PF_WORLD_ZONE_EIGHT_PARCELFORCE_GLOBAL_EXPRESS,5.501,6.000,83.40,100,
PF_WORLD_ZONE_EIGHT_PARCELFORCE_GLOBAL_EXPRESS,6.001,6.500,86.46,100,
PF_WORLD_ZONE_EIGHT_PARCELFORCE_GLOBAL_EXPRESS,6.501,7.000,89.52,100,
PF_WORLD_ZONE_EIGHT_PARCELFORCE_GLOBAL_EXPRESS,7.001,7.500,92.58,100,
PF_WORLD_ZONE_EIGHT_PARCELFORCE_GLOBAL_EXPRESS,7.501,8.000,95.64,100,
PF_WORLD_ZONE_EIGHT_PARCELFORCE_GLOBAL_EXPRESS,8.001,8.500,98.70,100,
PF_WORLD_ZONE_EIGHT_PARCELFORCE_GLOBAL_EXPRESS,8.501,9.000,101.76,100,
PF_WORLD_ZONE_EIGHT_PARCELFORCE_GLOBAL_EXPRESS,9.001,9.500,104.82,100,
PF_WORLD_ZONE_EIGHT_PARCELFORCE_GLOBAL_EXPRESS,9.501,10.000,107.88,100,
PF_WORLD_ZONE_NINE_PARCELFORCE_GLOBAL_VALUE,0.001,0.500,26.82,100,
PF_WORLD_ZONE_NINE_PARCELFORCE_GLOBAL_VALUE,0.501,1.000,30.06,100,
PF_WORLD_ZONE_NINE_PARCELFORCE_GLOBAL_VALUE,1.001,1.500,33.30,100,
PF_WORLD_ZONE_NINE_PARCELFORCE_GLOBAL_VALUE,1.501,2.000,36.54,100,
PF_WORLD_ZONE_NINE_PARCELFORCE_GLOBAL_VALUE,2.001,2.500,39.18,100,
PF_WORLD_ZONE_NINE_PARCELFORCE_GLOBAL_VALUE,2.501,3.000,41.82,100,
PF_WORLD_ZONE_NINE_PARCELFORCE_GLOBAL_VALUE,3.001,3.500,44.46,100,
PF_WORLD_ZONE_NINE_PARCELFORCE_GLOBAL_VALUE,3.501,4.000,47.10,100,
PF_WORLD_ZONE_NINE_PARCELFORCE_GLOBAL_VALUE,4.001,4.500,49.74,100,
PF_WORLD_ZONE_NINE_PARCELFORCE_GLOBAL_VALUE,4.501,5.000,52.38,100,
PF_WORLD_ZONE_NINE_PARCELFORCE_GLOBAL_VALUE,5.001,5.500,54.60,100,
PF_WORLD_ZONE_NINE_PARCELFORCE_GLOBAL_VALUE,5.501,6.000,56.82,100,
PF_WORLD_ZONE_NINE_PARCELFORCE_GLOBAL_VALUE,6.001,6.500,59.04,100,
PF_WORLD_ZONE_NINE_PARCELFORCE_GLOBAL_VALUE,6.501,7.000,61.26,100,
PF_WORLD_ZONE_NINE_PARCELFORCE_GLOBAL_VALUE,7.001,7.500,63.48,100,
PF_WORLD_ZONE_NINE_PARCELFORCE_GLOBAL_VALUE,7.501,8.000,65.70,100,
PF_WORLD_ZONE_NINE_PARCELFORCE_GLOBAL_VALUE,8.001,8.500,67.92,100,
PF_WORLD_ZONE_NINE_PARCELFORCE_GLOBAL_VALUE,8.501,9.000,70.14,100,
PF_WORLD_ZONE_NINE_PARCELFORCE_GLOBAL_VALUE,9.001,9.500,72.36,100,
PF_WORLD_ZONE_NINE_PARCELFORCE_GLOBAL_VALUE,9.501,10.000,74.58,100,
PF_WORLD_ZONE_NINE_PARCELFORCE_GLOBAL_PRIORITY,0.001,0.500,41.76,100,
PF_WORLD_ZONE_NINE_PARCELFORCE_GLOBAL_PRIORITY,0.501,1.000,44.94,100,
PF_WORLD_ZONE_NINE_PARCELFORCE_GLOBAL_PRIORITY,1.001,1.500,48.12,100,
PF_WORLD_ZONE_NINE_PARCELFORCE_GLOBAL_PRIORITY,1.501,2.000,51.30,100,
PF_WORLD_ZONE_NINE_PARCELFORCE_GLOBAL_PRIORITY,2.001,2.500,54.00,100,
PF_WORLD_ZONE_NINE_PARCELFORCE_GLOBAL_PRIORITY,2.501,3.000,56.70,100,
PF_WORLD_ZONE_NINE_PARCELFORCE_GLOBAL_PRIORITY,3.001,3.500,59.40,100,
PF_WORLD_ZONE_NINE_PARCELFORCE_GLOBAL_PRIORITY,3.501,4.000,62.10,100,
PF_WORLD_ZONE_NINE_PARCELFORCE_GLOBAL_PRIORITY,4.001,4.500,64.80,100,
PF_WORLD_ZONE_NINE_PARCELFORCE_GLOBAL_PRIORITY,4.501,5.000,67.50,100,
PF_WORLD_ZONE_NINE_PARCELFORCE_GLOBAL_PRIORITY,5.001,5.500,69.78,100,
PF_WORLD_ZONE_NINE_PARCELFORCE_GLOBAL_PRIORITY,5.501,6.000,72.06,100,
PF_WORLD_ZONE_NINE_PARCELFORCE_GLOBAL_PRIORITY,6.001,6.500,74.34,100,
PF_WORLD_ZONE_NINE_PARCELFORCE_GLOBAL_PRIORITY,6.501,7.000,76.62,100,
PF_WORLD_ZONE_NINE_PARCELFORCE_GLOBAL_PRIORITY,7.001,7.500,78.90,100,
PF_WORLD_ZONE_NINE_PARCELFORCE_GLOBAL_PRIORITY,7.501,8.000,81.18,100,
PF_WORLD_ZONE_NINE_PARCELFORCE_GLOBAL_PRIORITY,8.001,8.500,83.46,100,
PF_WORLD_ZONE_NINE_PARCELFORCE_GLOBAL_PRIORITY,8.501,9.000,85.74,100,
PF_WORLD_ZONE_NINE_PARCELFORCE_GLOBAL_PRIORITY,9.001,9.500,88.02,100,
PF_WORLD_ZONE_NINE_PARCELFORCE_GLOBAL_PRIORITY,9.501,10.000,90.30,100,
PF_WORLD_ZONE_NINE_PARCELFORCE_GLOBAL_EXPRESS,0.001,0.500,51.96,100,
PF_WORLD_ZONE_NINE_PARCELFORCE_GLOBAL_EXPRESS,0.501,1.000,56.58,100,
PF_WORLD_ZONE_NINE_PARCELFORCE_GLOBAL_EXPRESS,1.001,1.500,61.58,100,
PF_WORLD_ZONE_NINE_PARCELFORCE_GLOBAL_EXPRESS,1.501,2.000,65.82,100,
PF_WORLD_ZONE_NINE_PARCELFORCE_GLOBAL_EXPRESS,2.001,2.500,73.20,100,
PF_WORLD_ZONE_NINE_PARCELFORCE_GLOBAL_EXPRESS,2.501,3.000,80.58,100,
PF_WORLD_ZONE_NINE_PARCELFORCE_GLOBAL_EXPRESS,3.001,3.500,87.96,100,
PF_WORLD_ZONE_NINE_PARCELFORCE_GLOBAL_EXPRESS,3.501,4.000,95.34,100,
PF_WORLD_ZONE_NINE_PARCELFORCE_GLOBAL_EXPRESS,4.001,4.500,102.72,100,
PF_WORLD_ZONE_NINE_PARCELFORCE_GLOBAL_EXPRESS,4.501,5.000,110.10,100,
PF_WORLD_ZONE_NINE_PARCELFORCE_GLOBAL_EXPRESS,5.001,5.500,115.08,100,
PF_WORLD_ZONE_NINE_PARCELFORCE_GLOBAL_EXPRESS,5.501,6.000,120.06,100,
PF_WORLD_ZONE_NINE_PARCELFORCE_GLOBAL_EXPRESS,6.001,6.500,125.04,100,
PF_WORLD_ZONE_NINE_PARCELFORCE_GLOBAL_EXPRESS,6.501,7.000,130.02,100,
PF_WORLD_ZONE_NINE_PARCELFORCE_GLOBAL_EXPRESS,7.001,7.500,135.00,100,
PF_WORLD_ZONE_NINE_PARCELFORCE_GLOBAL_EXPRESS,7.501,8.000,139.98,100,
PF_WORLD_ZONE_NINE_PARCELFORCE_GLOBAL_EXPRESS,8.001,8.500,144.96,100,
PF_WORLD_ZONE_NINE_PARCELFORCE_GLOBAL_EXPRESS,8.501,9.000,149.94,100,
PF_WORLD_ZONE_NINE_PARCELFORCE_GLOBAL_EXPRESS,9.001,9.500,154.92,100,
PF_WORLD_ZONE_NINE_PARCELFORCE_GLOBAL_EXPRESS,9.501,10.000,159.90,100,
PF_WORLD_ZONE_TEN_PARCELFORCE_GLOBAL_VALUE,0.001,0.500,27.40,100,
PF_WORLD_ZONE_TEN_PARCELFORCE_GLOBAL_VALUE,0.501,1.000,29.90,100,
PF_WORLD_ZONE_TEN_PARCELFORCE_GLOBAL_VALUE,1.001,1.500,32.40,100,
PF_WORLD_ZONE_TEN_PARCELFORCE_GLOBAL_VALUE,1.501,2.000,34.90,100,
PF_WORLD_ZONE_TEN_PARCELFORCE_GLOBAL_VALUE,2.001,2.500,41.25,100,
PF_WORLD_ZONE_TEN_PARCELFORCE_GLOBAL_VALUE,2.501,3.000,47.60,100,
PF_WORLD_ZONE_TEN_PARCELFORCE_GLOBAL_VALUE,3.001,3.500,53.95,100,
PF_WORLD_ZONE_TEN_PARCELFORCE_GLOBAL_VALUE,3.501,4.000,60.30,100,
PF_WORLD_ZONE_TEN_PARCELFORCE_GLOBAL_VALUE,4.001,4.500,66.65,100,
PF_WORLD_ZONE_TEN_PARCELFORCE_GLOBAL_VALUE,4.501,5.000,73.00,100,
PF_WORLD_ZONE_TEN_PARCELFORCE_GLOBAL_VALUE,5.001,5.500,76.65,100,
PF_WORLD_ZONE_TEN_PARCELFORCE_GLOBAL_VALUE,5.501,6.000,80.30,100,
PF_WORLD_ZONE_TEN_PARCELFORCE_GLOBAL_VALUE,6.001,6.500,83.95,100,
PF_WORLD_ZONE_TEN_PARCELFORCE_GLOBAL_VALUE,6.501,7.000,87.60,100,
PF_WORLD_ZONE_TEN_PARCELFORCE_GLOBAL_VALUE,7.001,7.500,91.25,100,
PF_WORLD_ZONE_TEN_PARCELFORCE_GLOBAL_VALUE,7.501,8.000,94.90,100,
PF_WORLD_ZONE_TEN_PARCELFORCE_GLOBAL_VALUE,8.001,8.500,98.55,100,
PF_WORLD_ZONE_TEN_PARCELFORCE_GLOBAL_VALUE,8.501,9.000,102.20,100,
PF_WORLD_ZONE_TEN_PARCELFORCE_GLOBAL_VALUE,9.001,9.500,105.85,100,
PF_WORLD_ZONE_TEN_PARCELFORCE_GLOBAL_VALUE,9.501,10.000,109.50,100,
PF_WORLD_ZONE_TEN_PARCELFORCE_GLOBAL_PRIORITY,0.001,0.500,44.35,100,
PF_WORLD_ZONE_TEN_PARCELFORCE_GLOBAL_PRIORITY,0.501,1.000,46.85,100,
PF_WORLD_ZONE_TEN_PARCELFORCE_GLOBAL_PRIORITY,1.001,1.500,49.35,100,
PF_WORLD_ZONE_TEN_PARCELFORCE_GLOBAL_PRIORITY,1.501,2.000,51.85,100,
PF_WORLD_ZONE_TEN_PARCELFORCE_GLOBAL_PRIORITY,2.001,2.500,58.25,100,
PF_WORLD_ZONE_TEN_PARCELFORCE_GLOBAL_PRIORITY,2.501,3.000,64.65,100,
PF_WORLD_ZONE_TEN_PARCELFORCE_GLOBAL_PRIORITY,3.001,3.500,71.05,100,
PF_WORLD_ZONE_TEN_PARCELFORCE_GLOBAL_PRIORITY,3.501,4.000,77.45,100,
PF_WORLD_ZONE_TEN_PARCELFORCE_GLOBAL_PRIORITY,4.001,4.500,83.85,100,
PF_WORLD_ZONE_TEN_PARCELFORCE_GLOBAL_PRIORITY,4.501,5.000,90.25,100,
PF_WORLD_ZONE_TEN_PARCELFORCE_GLOBAL_PRIORITY,5.001,5.500,93.95,100,
PF_WORLD_ZONE_TEN_PARCELFORCE_GLOBAL_PRIORITY,5.501,6.000,97.65,100,
PF_WORLD_ZONE_TEN_PARCELFORCE_GLOBAL_PRIORITY,6.001,6.500,101.35,100,
PF_WORLD_ZONE_TEN_PARCELFORCE_GLOBAL_PRIORITY,6.501,7.000,105.05,100,
PF_WORLD_ZONE_TEN_PARCELFORCE_GLOBAL_PRIORITY,7.001,7.500,108.75,100,
PF_WORLD_ZONE_TEN_PARCELFORCE_GLOBAL_PRIORITY,7.501,8.000,112.45,100,
PF_WORLD_ZONE_TEN_PARCELFORCE_GLOBAL_PRIORITY,8.001,8.500,116.15,100,
PF_WORLD_ZONE_TEN_PARCELFORCE_GLOBAL_PRIORITY,8.501,9.000,119.85,100,
PF_WORLD_ZONE_TEN_PARCELFORCE_GLOBAL_PRIORITY,9.001,9.500,123.55,100,
PF_WORLD_ZONE_TEN_PARCELFORCE_GLOBAL_PRIORITY,9.501,10.000,127.25,100,
PF_WORLD_ZONE_TEN_PARCELFORCE_GLOBAL_EXPRESS,0.001,0.500,52.00,100,
PF_WORLD_ZONE_TEN_PARCELFORCE_GLOBAL_EXPRESS,0.501,1.000,56.95,100,
PF_WORLD_ZONE_TEN_PARCELFORCE_GLOBAL_EXPRESS,1.001,1.500,61.90,100,
PF_WORLD_ZONE_TEN_PARCELFORCE_GLOBAL_EXPRESS,1.501,2.000,66.85,100,
PF_WORLD_ZONE_TEN_PARCELFORCE_GLOBAL_EXPRESS,2.001,2.500,70.80,100,
PF_WORLD_ZONE_TEN_PARCELFORCE_GLOBAL_EXPRESS,2.501,3.000,74.75,100,
PF_WORLD_ZONE_TEN_PARCELFORCE_GLOBAL_EXPRESS,3.001,3.500,78.70,100,
PF_WORLD_ZONE_TEN_PARCELFORCE_GLOBAL_EXPRESS,3.501,4.000,82.65,100,
PF_WORLD_ZONE_TEN_PARCELFORCE_GLOBAL_EXPRESS,4.001,4.500,86.60,100,
PF_WORLD_ZONE_TEN_PARCELFORCE_GLOBAL_EXPRESS,4.501,5.000,90.55,100,
PF_WORLD_ZONE_TEN_PARCELFORCE_GLOBAL_EXPRESS,5.001,5.500,94.75,100,
PF_WORLD_ZONE_TEN_PARCELFORCE_GLOBAL_EXPRESS,5.501,6.000,98.95,100,
PF_WORLD_ZONE_TEN_PARCELFORCE_GLOBAL_EXPRESS,6.001,6.500,103.15,100,
PF_WORLD_ZONE_TEN_PARCELFORCE_GLOBAL_EXPRESS,6.501,7.000,107.35,100,
PF_WORLD_ZONE_TEN_PARCELFORCE_GLOBAL_EXPRESS,7.001,7.500,111.55,100,
PF_WORLD_ZONE_TEN_PARCELFORCE_GLOBAL_EXPRESS,7.501,8.000,115.75,100,
PF_WORLD_ZONE_TEN_PARCELFORCE_GLOBAL_EXPRESS,8.001,8.500,119.95,100,
PF_WORLD_ZONE_TEN_PARCELFORCE_GLOBAL_EXPRESS,8.501,9.000,124.15,100,
PF_WORLD_ZONE_TEN_PARCELFORCE_GLOBAL_EXPRESS,9.001,9.500,128.35,100,
PF_WORLD_ZONE_TEN_PARCELFORCE_GLOBAL_EXPRESS,9.501,10.000,132.55,100,
PF_WORLD_ZONE_ELEVEN_PARCELFORCE_GLOBAL_ECONOMY,0.001,0.500,31.50,100,
PF_WORLD_ZONE_ELEVEN_PARCELFORCE_GLOBAL_ECONOMY,0.501,1.000,37.65,100,
PF_WORLD_ZONE_ELEVEN_PARCELFORCE_GLOBAL_ECONOMY,1.001,1.500,43.80,100,
PF_WORLD_ZONE_ELEVEN_PARCELFORCE_GLOBAL_ECONOMY,1.501,2.000,49.95,100,
PF_WORLD_ZONE_ELEVEN_PARCELFORCE_GLOBAL_ECONOMY,2.001,2.500,55.95,100,
PF_WORLD_ZONE_ELEVEN_PARCELFORCE_GLOBAL_ECONOMY,2.501,3.000,61.95,100,
PF_WORLD_ZONE_ELEVEN_PARCELFORCE_GLOBAL_ECONOMY,3.001,3.500,67.95,100,
PF_WORLD_ZONE_ELEVEN_PARCELFORCE_GLOBAL_ECONOMY,3.501,4.000,73.95,100,
PF_WORLD_ZONE_ELEVEN_PARCELFORCE_GLOBAL_ECONOMY,4.001,4.500,79.95,100,
PF_WORLD_ZONE_ELEVEN_PARCELFORCE_GLOBAL_ECONOMY,4.501,5.000,85.95,100,
PF_WORLD_ZONE_ELEVEN_PARCELFORCE_GLOBAL_ECONOMY,5.001,5.500,90.45,100,
PF_WORLD_ZONE_ELEVEN_PARCELFORCE_GLOBAL_ECONOMY,5.501,6.000,94.95,100,
PF_WORLD_ZONE_ELEVEN_PARCELFORCE_GLOBAL_ECONOMY,6.001,6.500,99.45,100,
PF_WORLD_ZONE_ELEVEN_PARCELFORCE_GLOBAL_ECONOMY,6.501,7.000,103.95,100,
PF_WORLD_ZONE_ELEVEN_PARCELFORCE_GLOBAL_ECONOMY,7.001,7.500,108.45,100,
PF_WORLD_ZONE_ELEVEN_PARCELFORCE_GLOBAL_ECONOMY,7.501,8.000,112.95,100,
PF_WORLD_ZONE_ELEVEN_PARCELFORCE_GLOBAL_ECONOMY,8.001,8.500,117.45,100,
PF_WORLD_ZONE_ELEVEN_PARCELFORCE_GLOBAL_ECONOMY,8.501,9.000,121.95,100,
PF_WORLD_ZONE_ELEVEN_PARCELFORCE_GLOBAL_ECONOMY,9.001,9.500,126.45,100,
PF_WORLD_ZONE_ELEVEN_PARCELFORCE_GLOBAL_ECONOMY,9.501,10.000,130.95,100,
PF_WORLD_ZONE_ELEVEN_PARCELFORCE_GLOBAL_VALUE,0.001,0.500,34.20,100,
PF_WORLD_ZONE_ELEVEN_PARCELFORCE_GLOBAL_VALUE,0.501,1.000,40.35,100,
PF_WORLD_ZONE_ELEVEN_PARCELFORCE_GLOBAL_VALUE,1.001,1.500,46.50,100,
PF_WORLD_ZONE_ELEVEN_PARCELFORCE_GLOBAL_VALUE,1.501,2.000,52.65,100,
PF_WORLD_ZONE_ELEVEN_PARCELFORCE_GLOBAL_VALUE,2.001,2.500,58.65,100,
PF_WORLD_ZONE_ELEVEN_PARCELFORCE_GLOBAL_VALUE,2.501,3.000,64.65,100,
PF_WORLD_ZONE_ELEVEN_PARCELFORCE_GLOBAL_VALUE,3.001,3.500,70.65,100,
PF_WORLD_ZONE_ELEVEN_PARCELFORCE_GLOBAL_VALUE,3.501,4.000,76.65,100,
PF_WORLD_ZONE_ELEVEN_PARCELFORCE_GLOBAL_VALUE,4.001,4.500,82.65,100,
PF_WORLD_ZONE_ELEVEN_PARCELFORCE_GLOBAL_VALUE,4.501,5.000,88.65,100,
PF_WORLD_ZONE_ELEVEN_PARCELFORCE_GLOBAL_VALUE,5.001,5.500,93.15,100,
PF_WORLD_ZONE_ELEVEN_PARCELFORCE_GLOBAL_VALUE,5.501,6.000,97.65,100,
PF_WORLD_ZONE_ELEVEN_PARCELFORCE_GLOBAL_VALUE,6.001,6.500,102.65,100,
PF_WORLD_ZONE_ELEVEN_PARCELFORCE_GLOBAL_VALUE,6.501,7.000,106.65,100,
PF_WORLD_ZONE_ELEVEN_PARCELFORCE_GLOBAL_VALUE,7.001,7.500,111.15,100,
PF_WORLD_ZONE_ELEVEN_PARCELFORCE_GLOBAL_VALUE,7.501,8.000,115.65,100,
PF_WORLD_ZONE_ELEVEN_PARCELFORCE_GLOBAL_VALUE,8.001,8.500,120.15,100,
PF_WORLD_ZONE_ELEVEN_PARCELFORCE_GLOBAL_VALUE,8.501,9.000,124.65,100,
PF_WORLD_ZONE_ELEVEN_PARCELFORCE_GLOBAL_VALUE,9.001,9.500,129.15,100,
PF_WORLD_ZONE_ELEVEN_PARCELFORCE_GLOBAL_VALUE,9.501,10.000,133.65,100,
PF_WORLD_ZONE_ELEVEN_PARCELFORCE_GLOBAL_PRIORITY,0.001,0.500,47.00,100,
PF_WORLD_ZONE_ELEVEN_PARCELFORCE_GLOBAL_PRIORITY,0.501,1.000,52.90,100,
PF_WORLD_ZONE_ELEVEN_PARCELFORCE_GLOBAL_PRIORITY,1.001,1.500,58.80,100,
PF_WORLD_ZONE_ELEVEN_PARCELFORCE_GLOBAL_PRIORITY,1.501,2.000,64.70,100,
PF_WORLD_ZONE_ELEVEN_PARCELFORCE_GLOBAL_PRIORITY,2.001,2.500,70.60,100,
PF_WORLD_ZONE_ELEVEN_PARCELFORCE_GLOBAL_PRIORITY,2.501,3.000,76.50,100,
PF_WORLD_ZONE_ELEVEN_PARCELFORCE_GLOBAL_PRIORITY,3.001,3.500,82.40,100,
PF_WORLD_ZONE_ELEVEN_PARCELFORCE_GLOBAL_PRIORITY,3.501,4.000,88.30,100,
PF_WORLD_ZONE_ELEVEN_PARCELFORCE_GLOBAL_PRIORITY,4.001,4.500,94.20,100,
PF_WORLD_ZONE_ELEVEN_PARCELFORCE_GLOBAL_PRIORITY,4.501,5.000,100.10,100,
PF_WORLD_ZONE_ELEVEN_PARCELFORCE_GLOBAL_PRIORITY,5.001,5.500,104.60,100,
PF_WORLD_ZONE_ELEVEN_PARCELFORCE_GLOBAL_PRIORITY,5.501,6.000,109.10,100,
PF_WORLD_ZONE_ELEVEN_PARCELFORCE_GLOBAL_PRIORITY,6.001,6.500,113.60,100,
PF_WORLD_ZONE_ELEVEN_PARCELFORCE_GLOBAL_PRIORITY,6.501,7.000,118.10,100,
PF_WORLD_ZONE_ELEVEN_PARCELFORCE_GLOBAL_PRIORITY,7.001,7.500,122.60,100,
PF_WORLD_ZONE_ELEVEN_PARCELFORCE_GLOBAL_PRIORITY,7.501,8.000,127.10,100,
PF_WORLD_ZONE_ELEVEN_PARCELFORCE_GLOBAL_PRIORITY,8.001,8.500,131.60,100,
PF_WORLD_ZONE_ELEVEN_PARCELFORCE_GLOBAL_PRIORITY,8.501,9.000,136.10,100,
PF_WORLD_ZONE_ELEVEN_PARCELFORCE_GLOBAL_PRIORITY,9.001,9.500,140.60,100,
PF_WORLD_ZONE_ELEVEN_PARCELFORCE_GLOBAL_PRIORITY,9.501,10.000,145.10,100,
PF_WORLD_ZONE_ELEVEN_PARCELFORCE_GLOBAL_EXPRESS,0.001,0.500,63.05,100,
PF_WORLD_ZONE_ELEVEN_PARCELFORCE_GLOBAL_EXPRESS,0.501,1.000,69.55,100,
PF_WORLD_ZONE_ELEVEN_PARCELFORCE_GLOBAL_EXPRESS,1.001,1.500,76.05,100,
PF_WORLD_ZONE_ELEVEN_PARCELFORCE_GLOBAL_EXPRESS,1.501,2.000,82.55,100,
PF_WORLD_ZONE_ELEVEN_PARCELFORCE_GLOBAL_EXPRESS,2.001,2.500,88.20,100,
PF_WORLD_ZONE_ELEVEN_PARCELFORCE_GLOBAL_EXPRESS,2.501,3.000,93.85,100,
PF_WORLD_ZONE_ELEVEN_PARCELFORCE_GLOBAL_EXPRESS,3.001,3.500,99.50,100,
PF_WORLD_ZONE_ELEVEN_PARCELFORCE_GLOBAL_EXPRESS,3.501,4.000,105.15,100,
PF_WORLD_ZONE_ELEVEN_PARCELFORCE_GLOBAL_EXPRESS,4.001,4.500,110.80,100,
PF_WORLD_ZONE_ELEVEN_PARCELFORCE_GLOBAL_EXPRESS,4.501,5.000,116.45,100,
PF_WORLD_ZONE_ELEVEN_PARCELFORCE_GLOBAL_EXPRESS,5.001,5.500,121.10,100,
PF_WORLD_ZONE_ELEVEN_PARCELFORCE_GLOBAL_EXPRESS,5.501,6.000,125.75,100,
PF_WORLD_ZONE_ELEVEN_PARCELFORCE_GLOBAL_EXPRESS,6.001,6.500,130.40,100,
PF_WORLD_ZONE_ELEVEN_PARCELFORCE_GLOBAL_EXPRESS,6.501,7.000,135.05,100,
PF_WORLD_ZONE_ELEVEN_PARCELFORCE_GLOBAL_EXPRESS,7.001,7.500,139.70,100,
PF_WORLD_ZONE_ELEVEN_PARCELFORCE_GLOBAL_EXPRESS,7.501,8.000,144.35,100,
PF_WORLD_ZONE_ELEVEN_PARCELFORCE_GLOBAL_EXPRESS,8.001,8.500,149.00,100,
PF_WORLD_ZONE_ELEVEN_PARCELFORCE_GLOBAL_EXPRESS,8.501,9.000,153.65,100,
PF_WORLD_ZONE_ELEVEN_PARCELFORCE_GLOBAL_EXPRESS,9.001,9.500,158.30,100,
PF_WORLD_ZONE_ELEVEN_PARCELFORCE_GLOBAL_EXPRESS,9.501,10.000,162.95,100,
PF_WORLD_ZONE_TWELVE_PARCELFORCE_GLOBAL_ECONOMY,0.001,0.500,33.00,100,
PF_WORLD_ZONE_TWELVE_PARCELFORCE_GLOBAL_ECONOMY,0.501,1.000,40.05,100,
PF_WORLD_ZONE_TWELVE_PARCELFORCE_GLOBAL_ECONOMY,1.001,1.500,47.10,100,
PF_WORLD_ZONE_TWELVE_PARCELFORCE_GLOBAL_ECONOMY,1.501,2.000,54.15,100,
PF_WORLD_ZONE_TWELVE_PARCELFORCE_GLOBAL_ECONOMY,2.001,2.500,61.20,100,
PF_WORLD_ZONE_TWELVE_PARCELFORCE_GLOBAL_ECONOMY,2.501,3.000,68.25,100,
PF_WORLD_ZONE_TWELVE_PARCELFORCE_GLOBAL_ECONOMY,3.001,3.500,75.30,100,
PF_WORLD_ZONE_TWELVE_PARCELFORCE_GLOBAL_ECONOMY,3.501,4.000,82.35,100,
PF_WORLD_ZONE_TWELVE_PARCELFORCE_GLOBAL_ECONOMY,4.001,4.500,89.40,100,
PF_WORLD_ZONE_TWELVE_PARCELFORCE_GLOBAL_ECONOMY,4.501,5.000,96.45,100,
PF_WORLD_ZONE_TWELVE_PARCELFORCE_GLOBAL_ECONOMY,5.001,5.500,102.85,100,
PF_WORLD_ZONE_TWELVE_PARCELFORCE_GLOBAL_ECONOMY,5.501,6.000,109.25,100,
PF_WORLD_ZONE_TWELVE_PARCELFORCE_GLOBAL_ECONOMY,6.001,6.500,115.65,100,
PF_WORLD_ZONE_TWELVE_PARCELFORCE_GLOBAL_ECONOMY,6.501,7.000,122.05,100,
PF_WORLD_ZONE_TWELVE_PARCELFORCE_GLOBAL_ECONOMY,7.001,7.500,128.45,100,
PF_WORLD_ZONE_TWELVE_PARCELFORCE_GLOBAL_ECONOMY,7.501,8.000,134.85,100,
PF_WORLD_ZONE_TWELVE_PARCELFORCE_GLOBAL_ECONOMY,8.001,8.500,141.25,100,
PF_WORLD_ZONE_TWELVE_PARCELFORCE_GLOBAL_ECONOMY,8.501,9.000,147.65,100,
PF_WORLD_ZONE_TWELVE_PARCELFORCE_GLOBAL_ECONOMY,9.001,9.500,154.05,100,
PF_WORLD_ZONE_TWELVE_PARCELFORCE_GLOBAL_ECONOMY,9.501,10.000,160.45,100,
PF_WORLD_ZONE_TWELVE_PARCELFORCE_GLOBAL_VALUE,0.001,0.500,35.35,100,
PF_WORLD_ZONE_TWELVE_PARCELFORCE_GLOBAL_VALUE,0.501,1.000,42.40,100,
PF_WORLD_ZONE_TWELVE_PARCELFORCE_GLOBAL_VALUE,1.001,1.500,49.45,100,
PF_WORLD_ZONE_TWELVE_PARCELFORCE_GLOBAL_VALUE,1.501,2.000,56.50,100,
PF_WORLD_ZONE_TWELVE_PARCELFORCE_GLOBAL_VALUE,2.001,2.500,63.55,100,
PF_WORLD_ZONE_TWELVE_PARCELFORCE_GLOBAL_VALUE,2.501,3.000,70.60,100,
PF_WORLD_ZONE_TWELVE_PARCELFORCE_GLOBAL_VALUE,3.001,3.500,77.65,100,
PF_WORLD_ZONE_TWELVE_PARCELFORCE_GLOBAL_VALUE,3.501,4.000,84.70,100,
PF_WORLD_ZONE_TWELVE_PARCELFORCE_GLOBAL_VALUE,4.001,4.500,91.75,100,
PF_WORLD_ZONE_TWELVE_PARCELFORCE_GLOBAL_VALUE,4.501,5.000,98.80,100,
PF_WORLD_ZONE_TWELVE_PARCELFORCE_GLOBAL_VALUE,5.001,5.500,105.20,100,
PF_WORLD_ZONE_TWELVE_PARCELFORCE_GLOBAL_VALUE,5.501,6.000,111.60,100,
PF_WORLD_ZONE_TWELVE_PARCELFORCE_GLOBAL_VALUE,6.001,6.500,118.00,100,
PF_WORLD_ZONE_TWELVE_PARCELFORCE_GLOBAL_VALUE,6.501,7.000,124.40,100,
PF_WORLD_ZONE_TWELVE_PARCELFORCE_GLOBAL_VALUE,7.001,7.500,130.80,100,
PF_WORLD_ZONE_TWELVE_PARCELFORCE_GLOBAL_VALUE,7.501,8.000,137.20,100,
PF_WORLD_ZONE_TWELVE_PARCELFORCE_GLOBAL_VALUE,8.001,8.500,143.60,100,
PF_WORLD_ZONE_TWELVE_PARCELFORCE_GLOBAL_VALUE,8.501,9.000,150.00,100,
PF_WORLD_ZONE_TWELVE_PARCELFORCE_GLOBAL_VALUE,9.001,9.500,156.40,100,
PF_WORLD_ZONE_TWELVE_PARCELFORCE_GLOBAL_VALUE,9.501,10.000,162.80,100,
PF_WORLD_ZONE_TWELVE_PARCELFORCE_GLOBAL_PRIORITY,0.001,0.500,59.55,100,
PF_WORLD_ZONE_TWELVE_PARCELFORCE_GLOBAL_PRIORITY,0.501,1.000,66.40,100,
PF_WORLD_ZONE_TWELVE_PARCELFORCE_GLOBAL_PRIORITY,1.001,1.500,73.25,100,
PF_WORLD_ZONE_TWELVE_PARCELFORCE_GLOBAL_PRIORITY,1.501,2.000,80.10,100,
PF_WORLD_ZONE_TWELVE_PARCELFORCE_GLOBAL_PRIORITY,2.001,2.500,86.90,100,
PF_WORLD_ZONE_TWELVE_PARCELFORCE_GLOBAL_PRIORITY,2.501,3.000,93.70,100,
PF_WORLD_ZONE_TWELVE_PARCELFORCE_GLOBAL_PRIORITY,3.001,3.500,100.50,100,
PF_WORLD_ZONE_TWELVE_PARCELFORCE_GLOBAL_PRIORITY,3.501,4.000,107.30,100,
PF_WORLD_ZONE_TWELVE_PARCELFORCE_GLOBAL_PRIORITY,4.001,4.500,114.10,100,
PF_WORLD_ZONE_TWELVE_PARCELFORCE_GLOBAL_PRIORITY,4.501,5.000,120.90,100,
PF_WORLD_ZONE_TWELVE_PARCELFORCE_GLOBAL_PRIORITY,5.001,5.500,127.00,100,
PF_WORLD_ZONE_TWELVE_PARCELFORCE_GLOBAL_PRIORITY,5.501,6.000,133.10,100,
PF_WORLD_ZONE_TWELVE_PARCELFORCE_GLOBAL_PRIORITY,6.001,6.500,139.20,100,
PF_WORLD_ZONE_TWELVE_PARCELFORCE_GLOBAL_PRIORITY,6.501,7.000,145.30,100,
PF_WORLD_ZONE_TWELVE_PARCELFORCE_GLOBAL_PRIORITY,7.001,7.500,151.40,100,
PF_WORLD_ZONE_TWELVE_PARCELFORCE_GLOBAL_PRIORITY,7.501,8.000,157.50,100,
PF_WORLD_ZONE_TWELVE_PARCELFORCE_GLOBAL_PRIORITY,8.001,8.500,163.60,100,
PF_WORLD_ZONE_TWELVE_PARCELFORCE_GLOBAL_PRIORITY,8.501,9.000,169.70,100,
PF_WORLD_ZONE_TWELVE_PARCELFORCE_GLOBAL_PRIORITY,9.001,9.500,175.80,100,
PF_WORLD_ZONE_TWELVE_PARCELFORCE_GLOBAL_PRIORITY,9.501,10.000,181.90,100,
PF_WORLD_ZONE_TWELVE_PARCELFORCE_GLOBAL_EXPRESS,0.001,0.500,71.95,100,
PF_WORLD_ZONE_TWELVE_PARCELFORCE_GLOBAL_EXPRESS,0.501,1.000,80.60,100,
PF_WORLD_ZONE_TWELVE_PARCELFORCE_GLOBAL_EXPRESS,1.001,1.500,89.25,100,
PF_WORLD_ZONE_TWELVE_PARCELFORCE_GLOBAL_EXPRESS,1.501,2.000,97.90,100,
PF_WORLD_ZONE_TWELVE_PARCELFORCE_GLOBAL_EXPRESS,2.001,2.500,105.90,100,
PF_WORLD_ZONE_TWELVE_PARCELFORCE_GLOBAL_EXPRESS,2.501,3.000,113.90,100,
PF_WORLD_ZONE_TWELVE_PARCELFORCE_GLOBAL_EXPRESS,3.001,3.500,121.90,100,
PF_WORLD_ZONE_TWELVE_PARCELFORCE_GLOBAL_EXPRESS,3.501,4.000,129.90,100,
PF_WORLD_ZONE_TWELVE_PARCELFORCE_GLOBAL_EXPRESS,4.001,4.500,137.90,100,
PF_WORLD_ZONE_TWELVE_PARCELFORCE_GLOBAL_EXPRESS,4.501,5.000,145.90,100,
PF_WORLD_ZONE_TWELVE_PARCELFORCE_GLOBAL_EXPRESS,5.001,5.500,152.10,100,
PF_WORLD_ZONE_TWELVE_PARCELFORCE_GLOBAL_EXPRESS,5.501,6.000,158.30,100,
PF_WORLD_ZONE_TWELVE_PARCELFORCE_GLOBAL_EXPRESS,6.001,6.500,164.50,100,
PF_WORLD_ZONE_TWELVE_PARCELFORCE_GLOBAL_EXPRESS,6.501,7.000,170.70,100,
PF_WORLD_ZONE_TWELVE_PARCELFORCE_GLOBAL_EXPRESS,7.001,7.500,176.90,100,
PF_WORLD_ZONE_TWELVE_PARCELFORCE_GLOBAL_EXPRESS,7.501,8.000,183.10,100,
PF_WORLD_ZONE_TWELVE_PARCELFORCE_GLOBAL_EXPRESS,8.001,8.500,189.30,100,
PF_WORLD_ZONE_TWELVE_PARCELFORCE_GLOBAL_EXPRESS,8.501,9.000,195.50,100,
PF_WORLD_ZONE_TWELVE_PARCELFORCE_GLOBAL_EXPRESS,9.001,9.500,201.70,100,
PF_WORLD_ZONE_TWELVE_PARCELFORCE_GLOBAL_EXPRESS,9.501,10.000,207.90,100,